serial_number,model,failed_in_window,failure_date,cutoff_date,window_start_date,window_end_date,obs_days,lookback_days,is_usable
ZHZ0HNXY,ST12000NM0008,0,,2025-01-19,2024-12-21,2025-01-19,1,30,1
ZHZ0NB9L,ST12000NM0008,0,,2025-01-03,2024-12-05,2025-01-03,1,30,1
ZHZ0PBJF,ST12000NM0008,0,,2025-01-16,2024-12-18,2025-01-16,1,30,1
ZHZ0SATT,ST12000NM0008,1,2025-01-24,,,,0,30,0
ZHZ0SQXC,ST12000NM0008,0,,2025-01-20,2024-12-22,2025-01-20,1,30,1
ZHZ0STZB,ST12000NM0008,0,,2025-01-01,2024-12-03,2025-01-01,1,30,1
ZHZ0TCPJ,ST12000NM0008,0,,2025-01-24,2024-12-26,2025-01-24,1,30,1
ZHZ0VR62,ST12000NM0008,0,,2025-01-02,2024-12-04,2025-01-02,1,30,1
ZHZ0XWXA,ST12000NM0008,0,,2025-01-16,2024-12-18,2025-01-16,1,30,1
ZHZ112PL,ST12000NM0008,0,,2025-01-23,2024-12-25,2025-01-23,2,30,1
ZHZ14LD6,ST12000NM0008,0,,2025-01-22,2024-12-24,2025-01-22,1,30,1
ZHZ19W7C,ST12000NM0008,0,,2025-01-05,2024-12-07,2025-01-05,1,30,1
ZHZ1Q7V4,ST12000NM0008,0,,2025-01-30,2025-01-01,2025-01-30,1,30,1
ZHZ1T51P,ST12000NM0008,0,,2025-01-27,2024-12-29,2025-01-27,1,30,1
ZHZ1Y5WQ,ST12000NM0008,0,,2025-01-22,2024-12-24,2025-01-22,1,30,1
ZHZ26BWC,ST12000NM0008,1,2025-01-03,,,,0,30,0
ZHZ2AA7X,ST12000NM0008,0,,2025-01-05,2024-12-07,2025-01-05,1,30,1
ZHZ2F3X9,ST12000NM0008,0,,2025-01-24,2024-12-26,2025-01-24,1,30,1
ZHZ2F6M8,ST12000NM0008,0,,2025-01-11,2024-12-13,2025-01-11,1,30,1
ZHZ2JMMR,ST12000NM0008,0,,2025-01-01,2024-12-03,2025-01-01,1,30,1
ZHZ2JN4V,ST12000NM0008,0,,2025-01-25,2024-12-27,2025-01-25,1,30,1
ZHZ2NC86,ST12000NM0008,0,,2025-01-18,2024-12-20,2025-01-18,1,30,1
ZHZ2VFJH,ST12000NM0008,0,,2025-01-12,2024-12-14,2025-01-12,1,30,1
ZHZ31S25,ST12000NM0008,0,,2025-01-25,2024-12-27,2025-01-25,1,30,1
ZHZ34R7V,ST12000NM0008,0,,2025-01-20,2024-12-22,2025-01-20,1,30,1
ZHZ38AR9,ST12000NM0008,0,,2025-01-09,2024-12-11,2025-01-09,1,30,1
ZHZ394H3,ST12000NM0008,0,,2025-01-01,2024-12-03,2025-01-01,1,30,1
ZHZ3EXE6,ST12000NM0008,0,,2025-01-25,2024-12-27,2025-01-25,1,30,1
ZHZ3FDXG,ST12000NM0008,0,,2025-01-23,2024-12-25,2025-01-23,1,30,1
ZHZ3GDXR,ST12000NM0008,1,2025-01-05,,,,0,30,0
ZHZ3H8RV,ST12000NM0008,0,,2025-01-01,2024-12-03,2025-01-01,1,30,1
ZHZ3J76D,ST12000NM0008,0,,2025-01-02,2024-12-04,2025-01-02,1,30,1
ZHZ3KD2J,ST12000NM0008,0,,2025-01-02,2024-12-04,2025-01-02,1,30,1
ZHZ3KSBH,ST12000NM0008,1,2025-01-28,,,,0,30,0
ZHZ3L7MJ,ST12000NM0008,0,,2025-01-08,2024-12-10,2025-01-08,1,30,1
ZHZ3LS72,ST12000NM0008,0,,2025-01-02,2024-12-04,2025-01-02,1,30,1
ZHZ3LSGF,ST12000NM0008,0,,2025-01-26,2024-12-28,2025-01-26,1,30,1
ZHZ3LTZW,ST12000NM0008,0,,2025-01-13,2024-12-15,2025-01-13,1,30,1
ZHZ3LV8E,ST12000NM0008,0,,2025-01-30,2025-01-01,2025-01-30,1,30,1
ZHZ3LWCT,ST12000NM0008,0,,2025-01-24,2024-12-26,2025-01-24,1,30,1
ZHZ3M1NM,ST12000NM0008,0,,2025-01-05,2024-12-07,2025-01-05,1,30,1
ZHZ3MFW6,ST12000NM0008,0,,2025-01-10,2024-12-12,2025-01-10,1,30,1
ZHZ3MNY5,ST12000NM0008,0,,2025-01-24,2024-12-26,2025-01-24,1,30,1
ZHZ3MT1E,ST12000NM0008,0,,2025-01-14,2024-12-16,2025-01-14,1,30,1
ZHZ3MZ8K,ST12000NM0008,0,,2025-01-30,2025-01-01,2025-01-30,1,30,1
ZHZ3N4Q6,ST12000NM0008,0,,2025-01-23,2024-12-25,2025-01-23,1,30,1
ZHZ3N4XH,ST12000NM0008,0,,2025-01-07,2024-12-09,2025-01-07,1,30,1
ZHZ3N9DH,ST12000NM0008,0,,2025-01-20,2024-12-22,2025-01-20,1,30,1
ZHZ3N9RT,ST12000NM0008,0,,2025-01-26,2024-12-28,2025-01-26,1,30,1
ZHZ3N9XK,ST12000NM0008,0,,2025-01-12,2024-12-14,2025-01-12,1,30,1
ZHZ3NA4Z,ST12000NM0008,0,,2025-01-16,2024-12-18,2025-01-16,1,30,1
ZHZ3NABR,ST12000NM0008,1,2025-01-26,,,,0,30,0
ZHZ3NBE4,ST12000NM0008,0,,2025-01-06,2024-12-08,2025-01-06,1,30,1
ZHZ3NBJG,ST12000NM0008,0,,2025-01-04,2024-12-06,2025-01-04,1,30,1
ZHZ3NFFJ,ST12000NM0008,0,,2025-01-18,2024-12-20,2025-01-18,1,30,1
ZHZ3NFP3,ST12000NM0008,0,,2025-01-02,2024-12-04,2025-01-02,1,30,1
ZHZ3NJ1G,ST12000NM0008,0,,2025-01-12,2024-12-14,2025-01-12,1,30,1
ZHZ3NMTM,ST12000NM0008,0,,2025-01-12,2024-12-14,2025-01-12,1,30,1
ZHZ3NNB2,ST12000NM0008,0,,2025-01-31,2025-01-02,2025-01-31,1,30,1
ZHZ3NNZ5,ST12000NM0008,0,,2025-01-30,2025-01-01,2025-01-30,1,30,1
ZHZ3NPK4,ST12000NM0008,0,,2025-01-13,2024-12-15,2025-01-13,1,30,1
ZHZ3NQ1F,ST12000NM0008,0,,2025-01-19,2024-12-21,2025-01-19,1,30,1
ZHZ3NRBV,ST12000NM0008,0,,2025-01-16,2024-12-18,2025-01-16,1,30,1
ZHZ3NS86,ST12000NM0008,0,,2025-01-17,2024-12-19,2025-01-17,1,30,1
ZHZ3NSFZ,ST12000NM0008,0,,2025-01-24,2024-12-26,2025-01-24,1,30,1
ZHZ3NT44,ST12000NM0008,0,,2025-01-29,2024-12-31,2025-01-29,1,30,1
ZHZ3NTNA,ST12000NM0008,0,,2025-01-21,2024-12-23,2025-01-21,1,30,1
ZHZ3NW3Z,ST12000NM0008,0,,2025-01-27,2024-12-29,2025-01-27,1,30,1
ZHZ3NZQB,ST12000NM0008,0,,2025-01-21,2024-12-23,2025-01-21,1,30,1
ZHZ3P2VF,ST12000NM0008,0,,2025-01-28,2024-12-30,2025-01-28,1,30,1
ZHZ3P3X6,ST12000NM0008,1,2025-01-17,,,,0,30,0
ZHZ3PB45,ST12000NM0008,0,,2025-01-15,2024-12-17,2025-01-15,1,30,1
ZHZ3PBJM,ST12000NM0008,0,,2025-01-06,2024-12-08,2025-01-06,1,30,1
ZHZ3PDRY,ST12000NM0008,0,,2025-01-26,2024-12-28,2025-01-26,1,30,1
ZHZ3PERW,ST12000NM0008,0,,2025-01-17,2024-12-19,2025-01-17,1,30,1
ZHZ3PFG4,ST12000NM0008,0,,2025-01-01,2024-12-03,2025-01-01,1,30,1
ZHZ3PFK1,ST12000NM0008,0,,2025-01-16,2024-12-18,2025-01-16,1,30,1
ZHZ3PFQV,ST12000NM0008,0,,2025-01-25,2024-12-27,2025-01-25,1,30,1
ZHZ3PH0B,ST12000NM0008,0,,2025-01-07,2024-12-09,2025-01-07,1,30,1
ZHZ3PPPY,ST12000NM0008,0,,2025-01-22,2024-12-24,2025-01-22,1,30,1
ZHZ3PTAM,ST12000NM0008,0,,2025-01-20,2024-12-22,2025-01-20,1,30,1
ZHZ3PTGK,ST12000NM0008,0,,2025-01-27,2024-12-29,2025-01-27,1,30,1
ZHZ3Q446,ST12000NM0008,0,,2025-01-11,2024-12-13,2025-01-11,1,30,1
ZHZ3Q652,ST12000NM0008,0,,2025-01-24,2024-12-26,2025-01-24,1,30,1
ZHZ3Q9C5,ST12000NM0008,0,,2025-01-31,2025-01-02,2025-01-31,1,30,1
ZHZ3Q9RC,ST12000NM0008,0,,2025-01-04,2024-12-06,2025-01-04,1,30,1
ZHZ3QAHM,ST12000NM0008,0,,2025-01-12,2024-12-14,2025-01-12,1,30,1
ZHZ3QBCX,ST12000NM0008,0,,2025-01-03,2024-12-05,2025-01-03,1,30,1
ZHZ3QCJD,ST12000NM0008,0,,2025-01-12,2024-12-14,2025-01-12,1,30,1
ZHZ3QCM3,ST12000NM0008,0,,2025-01-12,2024-12-14,2025-01-12,1,30,1
ZHZ3QCNQ,ST12000NM0008,0,,2025-01-06,2024-12-08,2025-01-06,1,30,1
ZHZ3QCQN,ST12000NM0008,0,,2025-01-25,2024-12-27,2025-01-25,1,30,1
ZHZ3QD5S,ST12000NM0008,0,,2025-01-09,2024-12-11,2025-01-09,1,30,1
ZHZ3QEYZ,ST12000NM0008,1,2025-01-14,,,,0,30,0
ZHZ3QEZA,ST12000NM0008,0,,2025-01-31,2025-01-02,2025-01-31,1,30,1
ZHZ3QF20,ST12000NM0008,0,,2025-01-27,2024-12-29,2025-01-27,1,30,1
ZHZ3QF4P,ST12000NM0008,0,,2025-01-12,2024-12-14,2025-01-12,1,30,1
ZHZ3QFJJ,ST12000NM0008,0,,2025-01-22,2024-12-24,2025-01-22,1,30,1
ZHZ3QG1B,ST12000NM0008,0,,2025-01-23,2024-12-25,2025-01-23,1,30,1
ZHZ3QR05,ST12000NM0008,0,,2025-01-01,2024-12-03,2025-01-01,1,30,1
ZHZ3QRL4,ST12000NM0008,0,,2025-01-15,2024-12-17,2025-01-15,1,30,1
ZHZ3QSLE,ST12000NM0008,0,,2025-01-14,2024-12-16,2025-01-14,1,30,1
ZHZ3QV9R,ST12000NM0008,0,,2025-01-31,2025-01-02,2025-01-31,1,30,1
ZHZ3QVHS,ST12000NM0008,0,,2025-01-08,2024-12-10,2025-01-08,1,30,1
ZHZ3QY79,ST12000NM0008,0,,2025-01-16,2024-12-18,2025-01-16,1,30,1
ZHZ3QYMQ,ST12000NM0008,0,,2025-01-07,2024-12-09,2025-01-07,1,30,1
ZHZ3QZ2N,ST12000NM0008,0,,2025-01-21,2024-12-23,2025-01-21,1,30,1
ZHZ3R0QW,ST12000NM0008,0,,2025-01-24,2024-12-26,2025-01-24,1,30,1
ZHZ3R10B,ST12000NM0008,0,,2025-01-06,2024-12-08,2025-01-06,1,30,1
ZHZ3R22S,ST12000NM0008,0,,2025-01-24,2024-12-26,2025-01-24,1,30,1
ZHZ3R2FW,ST12000NM0008,0,,2025-01-26,2024-12-28,2025-01-26,1,30,1
ZHZ3R4Q2,ST12000NM0008,0,,2025-01-13,2024-12-15,2025-01-13,1,30,1
ZHZ3R6ZZ,ST12000NM0008,0,,2025-01-09,2024-12-11,2025-01-09,1,30,1
ZHZ3R843,ST12000NM0008,0,,2025-01-29,2024-12-31,2025-01-29,1,30,1
ZHZ3RBC5,ST12000NM0008,0,,2025-01-12,2024-12-14,2025-01-12,1,30,1
ZHZ3RBJZ,ST12000NM0008,0,,2025-01-30,2025-01-01,2025-01-30,1,30,1
ZHZ3RCYY,ST12000NM0008,0,,2025-01-08,2024-12-10,2025-01-08,1,30,1
ZHZ3RESM,ST12000NM0008,0,,2025-01-16,2024-12-18,2025-01-16,1,30,1
ZHZ3RHH1,ST12000NM0008,0,,2025-01-25,2024-12-27,2025-01-25,1,30,1
ZHZ3RJQ5,ST12000NM0008,0,,2025-01-03,2024-12-05,2025-01-03,1,30,1
ZHZ3RKH0,ST12000NM0008,0,,2025-01-25,2024-12-27,2025-01-25,1,30,1
ZHZ3RL8D,ST12000NM0008,0,,2025-01-13,2024-12-15,2025-01-13,2,30,1
ZHZ3RLDH,ST12000NM0008,0,,2025-01-30,2025-01-01,2025-01-30,1,30,1
ZHZ3RLTZ,ST12000NM0008,0,,2025-01-04,2024-12-06,2025-01-04,1,30,1
ZHZ3RQA4,ST12000NM0008,0,,2025-01-24,2024-12-26,2025-01-24,1,30,1
ZHZ3RQBG,ST12000NM0008,0,,2025-01-20,2024-12-22,2025-01-20,1,30,1
ZHZ3RR1W,ST12000NM0008,0,,2025-01-11,2024-12-13,2025-01-11,1,30,1
ZHZ3RXEX,ST12000NM0008,0,,2025-01-17,2024-12-19,2025-01-17,2,30,1
ZHZ3S093,ST12000NM0008,0,,2025-01-20,2024-12-22,2025-01-20,1,30,1
ZHZ3S163,ST12000NM0008,0,,2025-01-08,2024-12-10,2025-01-08,1,30,1
ZHZ3S18D,ST12000NM0008,0,,2025-01-09,2024-12-11,2025-01-09,1,30,1
ZHZ3S21E,ST12000NM0008,0,,2025-01-05,2024-12-07,2025-01-05,1,30,1
ZHZ3SC55,ST12000NM0008,0,,2025-01-23,2024-12-25,2025-01-23,1,30,1
ZHZ3SK2D,ST12000NM0008,0,,2025-01-17,2024-12-19,2025-01-17,1,30,1
ZHZ3SMX7,ST12000NM0008,0,,2025-01-23,2024-12-25,2025-01-23,1,30,1
ZHZ3SP41,ST12000NM0008,0,,2025-01-01,2024-12-03,2025-01-01,1,30,1
ZHZ3SPFS,ST12000NM0008,0,,2025-01-12,2024-12-14,2025-01-12,1,30,1
ZHZ3SPG0,ST12000NM0008,0,,2025-01-02,2024-12-04,2025-01-02,1,30,1
ZHZ3SPL2,ST12000NM0008,0,,2025-01-21,2024-12-23,2025-01-21,1,30,1
ZHZ3SQF2,ST12000NM0008,0,,2025-01-11,2024-12-13,2025-01-11,1,30,1
ZHZ3SR9M,ST12000NM0008,0,,2025-01-25,2024-12-27,2025-01-25,1,30,1
ZHZ3SRKV,ST12000NM0008,0,,2025-01-10,2024-12-12,2025-01-10,1,30,1
ZHZ3T3BN,ST12000NM0008,0,,2025-01-24,2024-12-26,2025-01-24,1,30,1
ZHZ3T5ND,ST12000NM0008,0,,2025-01-02,2024-12-04,2025-01-02,1,30,1
ZHZ3T7K0,ST12000NM0008,0,,2025-01-10,2024-12-12,2025-01-10,1,30,1
ZHZ3T7P8,ST12000NM0008,0,,2025-01-14,2024-12-16,2025-01-14,1,30,1
ZHZ3TN1V,ST12000NM0008,0,,2025-01-21,2024-12-23,2025-01-21,1,30,1
ZHZ3TNP6,ST12000NM0008,0,,2025-01-06,2024-12-08,2025-01-06,1,30,1
ZHZ3TXL4,ST12000NM0008,0,,2025-01-06,2024-12-08,2025-01-06,1,30,1
ZHZ3VC8J,ST12000NM0008,0,,2025-01-13,2024-12-15,2025-01-13,1,30,1
ZHZ3VNJ2,ST12000NM0008,0,,2025-01-19,2024-12-21,2025-01-19,1,30,1
ZHZ3VT7G,ST12000NM0008,0,,2025-01-24,2024-12-26,2025-01-24,2,30,1
ZHZ3W441,ST12000NM0008,0,,2025-01-07,2024-12-09,2025-01-07,1,30,1
ZHZ3W883,ST12000NM0008,0,,2025-01-09,2024-12-11,2025-01-09,1,30,1
ZHZ3W9BR,ST12000NM0008,0,,2025-01-06,2024-12-08,2025-01-06,1,30,1
ZHZ3WBJ4,ST12000NM0008,0,,2025-01-10,2024-12-12,2025-01-10,1,30,1
ZHZ3WE98,ST12000NM0008,0,,2025-01-03,2024-12-05,2025-01-03,1,30,1
ZHZ3WGRS,ST12000NM0008,0,,2025-01-10,2024-12-12,2025-01-10,1,30,1
ZHZ3WH0L,ST12000NM0008,0,,2025-01-14,2024-12-16,2025-01-14,1,30,1
ZHZ3WRBP,ST12000NM0008,0,,2025-01-02,2024-12-04,2025-01-02,1,30,1
ZHZ3WT3R,ST12000NM0008,0,,2025-01-30,2025-01-01,2025-01-30,1,30,1
ZHZ3X1AV,ST12000NM0008,0,,2025-01-30,2025-01-01,2025-01-30,1,30,1
ZHZ3X2TW,ST12000NM0008,0,,2025-01-31,2025-01-02,2025-01-31,1,30,1
ZHZ3X3EZ,ST12000NM0008,0,,2025-01-01,2024-12-03,2025-01-01,1,30,1
ZHZ3X5Y9,ST12000NM0008,0,,2025-01-27,2024-12-29,2025-01-27,1,30,1
ZHZ3XHRD,ST12000NM0008,1,2025-01-27,,,,0,30,0
ZHZ3XL2S,ST12000NM0008,0,,2025-01-26,2024-12-28,2025-01-26,2,30,1
ZHZ3XPMA,ST12000NM0008,0,,2025-01-17,2024-12-19,2025-01-17,1,30,1
ZHZ3YCVE,ST12000NM0008,0,,2025-01-04,2024-12-06,2025-01-04,1,30,1
ZHZ3Z44D,ST12000NM0008,0,,2025-01-26,2024-12-28,2025-01-26,1,30,1
ZHZ3Z9HY,ST12000NM0008,0,,2025-01-05,2024-12-07,2025-01-05,1,30,1
ZHZ3ZWA3,ST12000NM0008,0,,2025-01-07,2024-12-09,2025-01-07,1,30,1
ZHZ404SF,ST12000NM0008,0,,2025-01-29,2024-12-31,2025-01-29,1,30,1
ZHZ41EEV,ST12000NM0008,0,,2025-01-08,2024-12-10,2025-01-08,1,30,1
ZHZ41MVQ,ST12000NM0008,0,,2025-01-19,2024-12-21,2025-01-19,1,30,1
ZHZ41X6A,ST12000NM0008,0,,2025-01-21,2024-12-23,2025-01-21,1,30,1
ZHZ42NMW,ST12000NM0008,0,,2025-01-04,2024-12-06,2025-01-04,1,30,1
ZHZ42XAP,ST12000NM0008,0,,2025-01-23,2024-12-25,2025-01-23,1,30,1
ZHZ435B0,ST12000NM0008,0,,2025-01-04,2024-12-06,2025-01-04,1,30,1
ZHZ436P1,ST12000NM0008,0,,2025-01-17,2024-12-19,2025-01-17,1,30,1
ZHZ437TB,ST12000NM0008,0,,2025-01-23,2024-12-25,2025-01-23,1,30,1
ZHZ437X1,ST12000NM0008,0,,2025-01-12,2024-12-14,2025-01-12,1,30,1
ZHZ43A6W,ST12000NM0008,0,,2025-01-03,2024-12-05,2025-01-03,1,30,1
ZHZ43BZP,ST12000NM0008,0,,2025-01-24,2024-12-26,2025-01-24,1,30,1
ZHZ43FFX,ST12000NM0008,0,,2025-01-21,2024-12-23,2025-01-21,1,30,1
ZHZ43QRE,ST12000NM0008,0,,2025-01-04,2024-12-06,2025-01-04,1,30,1
ZHZ447LY,ST12000NM0008,0,,2025-01-02,2024-12-04,2025-01-02,1,30,1
ZHZ44JKC,ST12000NM0008,0,,2025-01-14,2024-12-16,2025-01-14,1,30,1
ZHZ44M53,ST12000NM0008,0,,2025-01-16,2024-12-18,2025-01-16,1,30,1
ZHZ44RCC,ST12000NM0008,0,,2025-01-23,2024-12-25,2025-01-23,1,30,1
ZHZ44XK2,ST12000NM0008,0,,2025-01-02,2024-12-04,2025-01-02,1,30,1
ZHZ44Y6S,ST12000NM0008,0,,2025-01-11,2024-12-13,2025-01-11,1,30,1
ZHZ44ZSD,ST12000NM0008,0,,2025-01-28,2024-12-30,2025-01-28,2,30,1
ZHZ45R8G,ST12000NM0008,0,,2025-01-15,2024-12-17,2025-01-15,1,30,1
ZHZ460DN,ST12000NM0008,0,,2025-01-07,2024-12-09,2025-01-07,1,30,1
ZHZ47QG0,ST12000NM0008,0,,2025-01-02,2024-12-04,2025-01-02,1,30,1
ZHZ486Z6,ST12000NM0008,0,,2025-01-28,2024-12-30,2025-01-28,2,30,1
ZHZ48A21,ST12000NM0008,0,,2025-01-18,2024-12-20,2025-01-18,1,30,1
ZHZ48A60,ST12000NM0008,0,,2025-01-25,2024-12-27,2025-01-25,1,30,1
ZHZ48RTX,ST12000NM0008,0,,2025-01-30,2025-01-01,2025-01-30,1,30,1
ZHZ48XBD,ST12000NM0008,0,,2025-01-25,2024-12-27,2025-01-25,1,30,1
ZHZ49XFL,ST12000NM0008,0,,2025-01-22,2024-12-24,2025-01-22,1,30,1
ZHZ4A15G,ST12000NM0008,0,,2025-01-14,2024-12-16,2025-01-14,1,30,1
ZHZ4A5QB,ST12000NM0008,0,,2025-01-16,2024-12-18,2025-01-16,1,30,1
ZHZ4AF5C,ST12000NM0008,0,,2025-01-17,2024-12-19,2025-01-17,1,30,1
ZHZ4B6N3,ST12000NM0008,0,,2025-01-06,2024-12-08,2025-01-06,1,30,1
ZHZ4D3KC,ST12000NM0008,0,,2025-01-03,2024-12-05,2025-01-03,1,30,1
ZHZ4ES3B,ST12000NM0008,0,,2025-01-15,2024-12-17,2025-01-15,1,30,1
ZHZ4F4ZV,ST12000NM0008,0,,2025-01-25,2024-12-27,2025-01-25,1,30,1
ZHZ4F50T,ST12000NM0008,0,,2025-01-10,2024-12-12,2025-01-10,1,30,1
ZHZ4F5V8,ST12000NM0008,0,,2025-01-15,2024-12-17,2025-01-15,1,30,1
ZHZ4FNEX,ST12000NM0008,0,,2025-01-18,2024-12-20,2025-01-18,2,30,1
ZHZ4FVMH,ST12000NM0008,0,,2025-01-27,2024-12-29,2025-01-27,1,30,1
ZHZ4FW5L,ST12000NM0008,0,,2025-01-22,2024-12-24,2025-01-22,1,30,1
ZHZ4HEL5,ST12000NM0008,0,,2025-01-27,2024-12-29,2025-01-27,1,30,1
ZHZ4KNAH,ST12000NM0008,0,,2025-01-05,2024-12-07,2025-01-05,1,30,1
ZHZ4KP7T,ST12000NM0008,0,,2025-01-08,2024-12-10,2025-01-08,1,30,1
ZHZ4LADZ,ST12000NM0008,0,,2025-01-10,2024-12-12,2025-01-10,1,30,1
ZHZ4LMCS,ST12000NM0008,0,,2025-01-04,2024-12-06,2025-01-04,1,30,1
ZHZ4MFFR,ST12000NM0008,0,,2025-01-05,2024-12-07,2025-01-05,1,30,1
ZHZ4MFJF,ST12000NM0008,0,,2025-01-01,2024-12-03,2025-01-01,1,30,1
ZHZ4MTWT,ST12000NM0008,0,,2025-01-09,2024-12-11,2025-01-09,1,30,1
ZHZ4N3FG,ST12000NM0008,0,,2025-01-01,2024-12-03,2025-01-01,1,30,1
ZHZ4NC5Q,ST12000NM0008,0,,2025-01-12,2024-12-14,2025-01-12,1,30,1
ZHZ4NCFX,ST12000NM0008,0,,2025-01-03,2024-12-05,2025-01-03,1,30,1
ZHZ4NCN0,ST12000NM0008,0,,2025-01-27,2024-12-29,2025-01-27,1,30,1
ZHZ4NHC1,ST12000NM0008,0,,2025-01-03,2024-12-05,2025-01-03,1,30,1
ZHZ4NJ8B,ST12000NM0008,0,,2025-01-01,2024-12-03,2025-01-01,1,30,1
ZHZ4NTKR,ST12000NM0008,0,,2025-01-11,2024-12-13,2025-01-11,1,30,1
ZHZ4NW12,ST12000NM0008,0,,2025-01-22,2024-12-24,2025-01-22,1,30,1
ZHZ4NWAZ,ST12000NM0008,0,,2025-01-19,2024-12-21,2025-01-19,1,30,1
ZHZ4P82V,ST12000NM0008,0,,2025-01-18,2024-12-20,2025-01-18,1,30,1
ZHZ4PDT0,ST12000NM0008,0,,2025-01-17,2024-12-19,2025-01-17,1,30,1
ZHZ4PFF2,ST12000NM0008,0,,2025-01-30,2025-01-01,2025-01-30,1,30,1
ZHZ4PFKL,ST12000NM0008,0,,2025-01-31,2025-01-02,2025-01-31,1,30,1
ZHZ4PYK8,ST12000NM0008,0,,2025-01-19,2024-12-21,2025-01-19,1,30,1
ZHZ4PYKL,ST12000NM0008,0,,2025-01-12,2024-12-14,2025-01-12,1,30,1
ZHZ4PYNY,ST12000NM0008,0,,2025-01-14,2024-12-16,2025-01-14,1,30,1
ZHZ4Q1VP,ST12000NM0008,1,2025-01-28,,,,0,30,0
ZHZ4Q6W9,ST12000NM0008,0,,2025-01-29,2024-12-31,2025-01-29,2,30,1
ZHZ4Q7C4,ST12000NM0008,0,,2025-01-05,2024-12-07,2025-01-05,1,30,1
ZHZ4Q8HB,ST12000NM0008,0,,2025-01-25,2024-12-27,2025-01-25,1,30,1
ZHZ4Q8VW,ST12000NM0008,0,,2025-01-29,2024-12-31,2025-01-29,1,30,1
ZHZ4QL6G,ST12000NM0008,0,,2025-01-26,2024-12-28,2025-01-26,1,30,1
ZHZ4QN1T,ST12000NM0008,0,,2025-01-31,2025-01-02,2025-01-31,1,30,1
ZHZ4QNDC,ST12000NM0008,0,,2025-01-18,2024-12-20,2025-01-18,1,30,1
ZHZ4R8LZ,ST12000NM0008,0,,2025-01-17,2024-12-19,2025-01-17,1,30,1
ZHZ4R9NJ,ST12000NM0008,0,,2025-01-29,2024-12-31,2025-01-29,1,30,1
ZHZ4RM7V,ST12000NM0008,0,,2025-01-10,2024-12-12,2025-01-10,1,30,1
ZHZ4RQXT,ST12000NM0008,0,,2025-01-23,2024-12-25,2025-01-23,1,30,1
ZHZ4RXDP,ST12000NM0008,0,,2025-01-01,2024-12-03,2025-01-01,1,30,1
ZHZ4S1S6,ST12000NM0008,0,,2025-01-31,2025-01-02,2025-01-31,1,30,1
ZHZ4S9RA,ST12000NM0008,0,,2025-01-30,2025-01-01,2025-01-30,1,30,1
ZHZ4SA13,ST12000NM0008,0,,2025-01-27,2024-12-29,2025-01-27,1,30,1
ZHZ4SDC3,ST12000NM0008,0,,2025-01-04,2024-12-06,2025-01-04,1,30,1
ZHZ4SF4Z,ST12000NM0008,0,,2025-01-08,2024-12-10,2025-01-08,1,30,1
ZHZ4SLML,ST12000NM0008,0,,2025-01-03,2024-12-05,2025-01-03,1,30,1
ZHZ4SMAG,ST12000NM0008,0,,2025-01-25,2024-12-27,2025-01-25,1,30,1
ZHZ4T3EP,ST12000NM0008,0,,2025-01-18,2024-12-20,2025-01-18,1,30,1
ZHZ4T5H3,ST12000NM0008,0,,2025-01-29,2024-12-31,2025-01-29,1,30,1
ZHZ4THD8,ST12000NM0008,0,,2025-01-01,2024-12-03,2025-01-01,1,30,1
ZHZ4TKBW,ST12000NM0008,0,,2025-01-25,2024-12-27,2025-01-25,1,30,1
ZHZ4TMD8,ST12000NM0008,0,,2025-01-11,2024-12-13,2025-01-11,1,30,1
ZHZ4TSNE,ST12000NM0008,0,,2025-01-19,2024-12-21,2025-01-19,1,30,1
ZHZ4TSRE,ST12000NM0008,0,,2025-01-18,2024-12-20,2025-01-18,1,30,1
ZHZ4TTZP,ST12000NM0008,0,,2025-01-26,2024-12-28,2025-01-26,1,30,1
ZHZ4TV8F,ST12000NM0008,0,,2025-01-26,2024-12-28,2025-01-26,1,30,1
ZHZ4TVHV,ST12000NM0008,0,,2025-01-03,2024-12-05,2025-01-03,1,30,1
ZHZ4TXZ1,ST12000NM0008,0,,2025-01-28,2024-12-30,2025-01-28,2,30,1
ZHZ4TY7H,ST12000NM0008,0,,2025-01-22,2024-12-24,2025-01-22,1,30,1
ZHZ4TYH4,ST12000NM0008,0,,2025-01-14,2024-12-16,2025-01-14,1,30,1
ZHZ4V36G,ST12000NM0008,0,,2025-01-07,2024-12-09,2025-01-07,1,30,1
ZHZ4V3XM,ST12000NM0008,0,,2025-01-23,2024-12-25,2025-01-23,1,30,1
ZHZ4V5XG,ST12000NM0008,0,,2025-01-10,2024-12-12,2025-01-10,1,30,1
ZHZ4V81L,ST12000NM0008,0,,2025-01-20,2024-12-22,2025-01-20,1,30,1
ZHZ4VF2T,ST12000NM0008,0,,2025-01-08,2024-12-10,2025-01-08,1,30,1
ZHZ4VHYZ,ST12000NM0008,0,,2025-01-04,2024-12-06,2025-01-04,1,30,1
ZHZ4VKNP,ST12000NM0008,0,,2025-01-01,2024-12-03,2025-01-01,1,30,1
ZHZ4VL3B,ST12000NM0008,0,,2025-01-23,2024-12-25,2025-01-23,1,30,1
ZHZ4VMEW,ST12000NM0008,0,,2025-01-05,2024-12-07,2025-01-05,1,30,1
ZHZ4VPFN,ST12000NM0008,0,,2025-01-13,2024-12-15,2025-01-13,1,30,1
ZHZ4VPMK,ST12000NM0008,0,,2025-01-14,2024-12-16,2025-01-14,1,30,1
ZHZ4VQQG,ST12000NM0008,0,,2025-01-28,2024-12-30,2025-01-28,1,30,1
ZHZ4VR7Y,ST12000NM0008,0,,2025-01-27,2024-12-29,2025-01-27,1,30,1
ZHZ4VTND,ST12000NM0008,0,,2025-01-27,2024-12-29,2025-01-27,1,30,1
ZHZ4VTWA,ST12000NM0008,0,,2025-01-15,2024-12-17,2025-01-15,1,30,1
ZHZ4VX8Z,ST12000NM0008,0,,2025-01-05,2024-12-07,2025-01-05,1,30,1
ZHZ4VY29,ST12000NM0008,0,,2025-01-31,2025-01-02,2025-01-31,1,30,1
ZHZ4VY5H,ST12000NM0008,0,,2025-01-19,2024-12-21,2025-01-19,1,30,1
ZHZ4VYHY,ST12000NM0008,0,,2025-01-17,2024-12-19,2025-01-17,1,30,1
ZHZ4W19M,ST12000NM0008,0,,2025-01-30,2025-01-01,2025-01-30,1,30,1
ZHZ4W1EL,ST12000NM0008,0,,2025-01-31,2025-01-02,2025-01-31,1,30,1
ZHZ4W2QB,ST12000NM0008,0,,2025-01-31,2025-01-02,2025-01-31,1,30,1
ZHZ4W4SD,ST12000NM0008,0,,2025-01-03,2024-12-05,2025-01-03,1,30,1
ZHZ4W7H7,ST12000NM0008,0,,2025-01-05,2024-12-07,2025-01-05,1,30,1
ZHZ4W7HE,ST12000NM0008,0,,2025-01-20,2024-12-22,2025-01-20,1,30,1
ZHZ4W8X1,ST12000NM0008,0,,2025-01-08,2024-12-10,2025-01-08,1,30,1
ZHZ4WB55,ST12000NM0008,0,,2025-01-07,2024-12-09,2025-01-07,1,30,1
ZHZ4WBFT,ST12000NM0008,0,,2025-01-01,2024-12-03,2025-01-01,1,30,1
ZHZ4WC0K,ST12000NM0008,0,,2025-01-02,2024-12-04,2025-01-02,1,30,1
ZHZ4WEGQ,ST12000NM0008,0,,2025-01-24,2024-12-26,2025-01-24,1,30,1
ZHZ4WFCY,ST12000NM0008,0,,2025-01-15,2024-12-17,2025-01-15,1,30,1
ZHZ4WN9E,ST12000NM0008,0,,2025-01-22,2024-12-24,2025-01-22,1,30,1
ZHZ4WNVR,ST12000NM0008,1,2025-01-15,,,,0,30,0
ZHZ4WPFJ,ST12000NM0008,0,,2025-01-19,2024-12-21,2025-01-19,1,30,1
ZHZ4WPFY,ST12000NM0008,1,2025-01-04,,,,0,30,0
ZHZ4WQWC,ST12000NM0008,0,,2025-01-05,2024-12-07,2025-01-05,1,30,1
ZHZ4WT1T,ST12000NM0008,0,,2025-01-20,2024-12-22,2025-01-20,1,30,1
ZHZ4WVYV,ST12000NM0008,0,,2025-01-30,2025-01-01,2025-01-30,1,30,1
ZHZ4WWZ8,ST12000NM0008,0,,2025-01-04,2024-12-06,2025-01-04,1,30,1
ZHZ4WX01,ST12000NM0008,0,,2025-01-28,2024-12-30,2025-01-28,1,30,1
ZHZ4WY0C,ST12000NM0008,0,,2025-01-02,2024-12-04,2025-01-02,1,30,1
ZHZ4X1DC,ST12000NM0008,0,,2025-01-19,2024-12-21,2025-01-19,1,30,1
ZHZ4X28R,ST12000NM0008,0,,2025-01-16,2024-12-18,2025-01-16,1,30,1
ZHZ4X5P9,ST12000NM0008,1,2025-01-08,,,,0,30,0
ZHZ4X942,ST12000NM0008,0,,2025-01-03,2024-12-05,2025-01-03,1,30,1
ZHZ4XAQ1,ST12000NM0008,0,,2025-01-18,2024-12-20,2025-01-18,2,30,1
ZHZ4XAV8,ST12000NM0008,0,,2025-01-24,2024-12-26,2025-01-24,1,30,1
ZHZ4XBSE,ST12000NM0008,0,,2025-01-19,2024-12-21,2025-01-19,1,30,1
ZHZ4XD6X,ST12000NM0008,0,,2025-01-25,2024-12-27,2025-01-25,1,30,1
ZHZ4XE7F,ST12000NM0008,0,,2025-01-12,2024-12-14,2025-01-12,1,30,1
ZHZ4XGM3,ST12000NM0008,0,,2025-01-22,2024-12-24,2025-01-22,1,30,1
ZHZ4XLKA,ST12000NM0008,0,,2025-01-02,2024-12-04,2025-01-02,1,30,1
ZHZ4XLT6,ST12000NM0008,0,,2025-01-10,2024-12-12,2025-01-10,1,30,1
ZHZ4XRTG,ST12000NM0008,0,,2025-01-15,2024-12-17,2025-01-15,1,30,1
ZHZ4XTLH,ST12000NM0008,0,,2025-01-24,2024-12-26,2025-01-24,1,30,1
ZHZ4XVMP,ST12000NM0008,0,,2025-01-04,2024-12-06,2025-01-04,1,30,1
ZHZ4Y63V,ST12000NM0008,0,,2025-01-30,2025-01-01,2025-01-30,1,30,1
ZHZ4Y9NT,ST12000NM0008,1,2025-01-24,,,,0,30,0
ZHZ4YEN0,ST12000NM0008,0,,2025-01-19,2024-12-21,2025-01-19,1,30,1
ZHZ4YENC,ST12000NM0008,0,,2025-01-24,2024-12-26,2025-01-24,1,30,1
ZHZ4YPL1,ST12000NM0008,0,,2025-01-18,2024-12-20,2025-01-18,1,30,1
ZHZ4YQWL,ST12000NM0008,0,,2025-01-01,2024-12-03,2025-01-01,1,30,1
ZHZ4YXH2,ST12000NM0008,0,,2025-01-29,2024-12-31,2025-01-29,1,30,1
ZHZ4ZMH3,ST12000NM0008,0,,2025-01-04,2024-12-06,2025-01-04,1,30,1
ZHZ4ZMJ2,ST12000NM0008,0,,2025-01-07,2024-12-09,2025-01-07,1,30,1
ZHZ50G19,ST12000NM0008,1,2025-01-06,,,,0,30,0
ZHZ50G1D,ST12000NM0008,0,,2025-01-21,2024-12-23,2025-01-21,1,30,1
ZHZ50G4X,ST12000NM0008,0,,2025-01-28,2024-12-30,2025-01-28,1,30,1
ZHZ50G5B,ST12000NM0008,0,,2025-01-09,2024-12-11,2025-01-09,1,30,1
ZHZ50G7D,ST12000NM0008,0,,2025-01-13,2024-12-15,2025-01-13,1,30,1
ZHZ50GCK,ST12000NM0008,0,,2025-01-02,2024-12-04,2025-01-02,1,30,1
ZHZ50GEX,ST12000NM0008,0,,2025-01-17,2024-12-19,2025-01-17,1,30,1
ZHZ50LR6,ST12000NM0008,0,,2025-01-08,2024-12-10,2025-01-08,1,30,1
ZHZ50LR7,ST12000NM0008,0,,2025-01-27,2024-12-29,2025-01-27,1,30,1
ZHZ50LTM,ST12000NM0008,0,,2025-01-11,2024-12-13,2025-01-11,1,30,1
ZHZ50LTY,ST12000NM0008,0,,2025-01-05,2024-12-07,2025-01-05,1,30,1
ZHZ50LVK,ST12000NM0008,0,,2025-01-16,2024-12-18,2025-01-16,1,30,1
ZHZ50LVP,ST12000NM0008,0,,2025-01-09,2024-12-11,2025-01-09,1,30,1
ZHZ50LW6,ST12000NM0008,1,2025-01-18,,,,0,30,0
ZHZ50M07,ST12000NM0008,0,,2025-01-16,2024-12-18,2025-01-16,1,30,1
ZHZ50M4Q,ST12000NM0008,0,,2025-01-29,2024-12-31,2025-01-29,1,30,1
ZHZ50M5Y,ST12000NM0008,0,,2025-01-17,2024-12-19,2025-01-17,1,30,1
ZHZ50M6A,ST12000NM0008,0,,2025-01-17,2024-12-19,2025-01-17,1,30,1
ZHZ50M6C,ST12000NM0008,0,,2025-01-22,2024-12-24,2025-01-22,1,30,1
ZHZ50M7R,ST12000NM0008,0,,2025-01-12,2024-12-14,2025-01-12,1,30,1
ZHZ50M9P,ST12000NM0008,0,,2025-01-08,2024-12-10,2025-01-08,1,30,1
ZHZ50MAR,ST12000NM0008,0,,2025-01-06,2024-12-08,2025-01-06,1,30,1
ZHZ50QPR,ST12000NM0008,0,,2025-01-01,2024-12-03,2025-01-01,1,30,1
ZHZ50QPX,ST12000NM0008,0,,2025-01-20,2024-12-22,2025-01-20,1,30,1
ZHZ50QR6,ST12000NM0008,0,,2025-01-24,2024-12-26,2025-01-24,1,30,1
ZHZ50QRL,ST12000NM0008,0,,2025-01-05,2024-12-07,2025-01-05,1,30,1
ZHZ50QRY,ST12000NM0008,0,,2025-01-29,2024-12-31,2025-01-29,1,30,1
ZHZ50QSC,ST12000NM0008,0,,2025-01-31,2025-01-02,2025-01-31,1,30,1
ZHZ50QYF,ST12000NM0008,0,,2025-01-20,2024-12-22,2025-01-20,1,30,1
ZHZ50R07,ST12000NM0008,0,,2025-01-05,2024-12-07,2025-01-05,1,30,1
ZHZ50R21,ST12000NM0008,0,,2025-01-06,2024-12-08,2025-01-06,1,30,1
ZHZ50R36,ST12000NM0008,0,,2025-01-05,2024-12-07,2025-01-05,1,30,1
ZHZ50R3V,ST12000NM0008,1,2025-01-29,,,,0,30,0
ZHZ50R6W,ST12000NM0008,0,,2025-01-26,2024-12-28,2025-01-26,1,30,1
ZHZ50RA2,ST12000NM0008,0,,2025-01-09,2024-12-11,2025-01-09,1,30,1
ZHZ50RAR,ST12000NM0008,0,,2025-01-09,2024-12-11,2025-01-09,1,30,1
ZHZ50RBQ,ST12000NM0008,0,,2025-01-09,2024-12-11,2025-01-09,1,30,1
ZHZ50RD5,ST12000NM0008,0,,2025-01-23,2024-12-25,2025-01-23,1,30,1
ZHZ50RDC,ST12000NM0008,0,,2025-01-07,2024-12-09,2025-01-07,1,30,1
ZHZ50RDQ,ST12000NM0008,0,,2025-01-06,2024-12-08,2025-01-06,1,30,1
ZHZ50REG,ST12000NM0008,0,,2025-01-03,2024-12-05,2025-01-03,1,30,1
ZHZ50REW,ST12000NM0008,0,,2025-01-25,2024-12-27,2025-01-25,3,30,1
ZHZ50RF9,ST12000NM0008,0,,2025-01-14,2024-12-16,2025-01-14,1,30,1
ZHZ50X0G,ST12000NM0008,0,,2025-01-11,2024-12-13,2025-01-11,1,30,1
ZHZ50XAW,ST12000NM0008,0,,2025-01-15,2024-12-17,2025-01-15,1,30,1
ZHZ50XB7,ST12000NM0008,0,,2025-01-02,2024-12-04,2025-01-02,1,30,1
ZHZ50XBF,ST12000NM0008,1,2025-01-03,,,,0,30,0
ZHZ50XBM,ST12000NM0008,0,,2025-01-30,2025-01-01,2025-01-30,1,30,1
ZHZ50XBT,ST12000NM0008,0,,2025-01-17,2024-12-19,2025-01-17,1,30,1
ZHZ50XD0,ST12000NM0008,1,2025-01-08,,,,0,30,0
ZHZ50XDR,ST12000NM0008,0,,2025-01-28,2024-12-30,2025-01-28,1,30,1
ZHZ50XH9,ST12000NM0008,0,,2025-01-16,2024-12-18,2025-01-16,1,30,1
ZHZ50XP8,ST12000NM0008,0,,2025-01-17,2024-12-19,2025-01-17,1,30,1
ZHZ50XR2,ST12000NM0008,0,,2025-01-16,2024-12-18,2025-01-16,1,30,1
ZHZ50XR4,ST12000NM0008,0,,2025-01-24,2024-12-26,2025-01-24,1,30,1
ZHZ50XRK,ST12000NM0008,0,,2025-01-07,2024-12-09,2025-01-07,1,30,1
ZHZ50XS7,ST12000NM0008,0,,2025-01-18,2024-12-20,2025-01-18,1,30,1
ZHZ50XT8,ST12000NM0008,0,,2025-01-08,2024-12-10,2025-01-08,1,30,1
ZHZ50XVQ,ST12000NM0008,0,,2025-01-28,2024-12-30,2025-01-28,1,30,1
ZHZ511QN,ST12000NM0008,0,,2025-01-13,2024-12-15,2025-01-13,1,30,1
ZHZ511SK,ST12000NM0008,0,,2025-01-17,2024-12-19,2025-01-17,1,30,1
ZHZ511VL,ST12000NM0008,0,,2025-01-07,2024-12-09,2025-01-07,2,30,1
ZHZ51221,ST12000NM0008,0,,2025-01-27,2024-12-29,2025-01-27,1,30,1
ZHZ51HXN,ST12000NM0008,0,,2025-01-25,2024-12-27,2025-01-25,1,30,1
ZHZ51JP9,ST12000NM0008,0,,2025-01-18,2024-12-20,2025-01-18,1,30,1
ZHZ52RY4,ST12000NM0008,0,,2025-01-06,2024-12-08,2025-01-06,1,30,1
ZHZ52S39,ST12000NM0008,0,,2025-01-31,2025-01-02,2025-01-31,2,30,1
ZHZ53VMT,ST12000NM0008,0,,2025-01-04,2024-12-06,2025-01-04,1,30,1
ZHZ550VN,ST12000NM0008,0,,2025-01-31,2025-01-02,2025-01-31,1,30,1
ZHZ55GEX,ST12000NM0008,0,,2025-01-22,2024-12-24,2025-01-22,1,30,1
ZHZ58D0K,ST12000NM0008,0,,2025-01-07,2024-12-09,2025-01-07,1,30,1
ZHZ59A67,ST12000NM0008,0,,2025-01-19,2024-12-21,2025-01-19,1,30,1
ZHZ5CAD0,ST12000NM0008,0,,2025-01-04,2024-12-06,2025-01-04,1,30,1
ZHZ5DY6K,ST12000NM0008,0,,2025-01-04,2024-12-06,2025-01-04,1,30,1
ZHZ5FN2W,ST12000NM0008,0,,2025-01-31,2025-01-02,2025-01-31,1,30,1
ZHZ5FXTM,ST12000NM0008,0,,2025-01-06,2024-12-08,2025-01-06,1,30,1
ZHZ5G0SZ,ST12000NM0008,0,,2025-01-13,2024-12-15,2025-01-13,1,30,1
ZHZ5G1AC,ST12000NM0008,0,,2025-01-06,2024-12-08,2025-01-06,1,30,1
ZHZ5H83D,ST12000NM0008,0,,2025-01-20,2024-12-22,2025-01-20,1,30,1
ZHZ5MBKB,ST12000NM0008,0,,2025-01-19,2024-12-21,2025-01-19,1,30,1
ZHZ5Q1KV,ST12000NM0008,0,,2025-01-19,2024-12-21,2025-01-19,1,30,1
ZHZ5RTRP,ST12000NM0008,0,,2025-01-07,2024-12-09,2025-01-07,1,30,1
ZHZ5RYFY,ST12000NM0008,0,,2025-01-23,2024-12-25,2025-01-23,1,30,1
ZHZ5S279,ST12000NM0008,1,2025-01-14,,,,0,30,0
ZHZ5S7TP,ST12000NM0008,0,,2025-01-10,2024-12-12,2025-01-10,1,30,1
ZHZ5SB25,ST12000NM0008,0,,2025-01-13,2024-12-15,2025-01-13,1,30,1
ZHZ5SMCR,ST12000NM0008,1,2025-01-03,,,,0,30,0
ZHZ5T3Y9,ST12000NM0008,0,,2025-01-15,2024-12-17,2025-01-15,1,30,1
ZHZ5TKWL,ST12000NM0008,1,2025-01-21,,,,0,30,0
ZHZ5TN0Y,ST12000NM0008,0,,2025-01-10,2024-12-12,2025-01-10,1,30,1
ZHZ5VDB2,ST12000NM0008,0,,2025-01-29,2024-12-31,2025-01-29,1,30,1
ZHZ5W0X8,ST12000NM0008,0,,2025-01-18,2024-12-20,2025-01-18,1,30,1
ZHZ5W773,ST12000NM0008,0,,2025-01-28,2024-12-30,2025-01-28,1,30,1
ZHZ5YJ3H,ST12000NM0008,0,,2025-01-25,2024-12-27,2025-01-25,2,30,1
ZHZ5YJN7,ST12000NM0008,0,,2025-01-12,2024-12-14,2025-01-12,1,30,1
ZHZ5YSQD,ST12000NM0008,0,,2025-01-01,2024-12-03,2025-01-01,1,30,1
ZHZ5YTLL,ST12000NM0008,0,,2025-01-30,2025-01-01,2025-01-30,1,30,1
ZHZ5Z521,ST12000NM0008,0,,2025-01-31,2025-01-02,2025-01-31,1,30,1
ZHZ5Z8YW,ST12000NM0008,0,,2025-01-13,2024-12-15,2025-01-13,1,30,1
ZHZ5ZHL4,ST12000NM0008,0,,2025-01-18,2024-12-20,2025-01-18,1,30,1
ZHZ5ZL1H,ST12000NM0008,0,,2025-01-09,2024-12-11,2025-01-09,1,30,1
ZHZ5ZMDK,ST12000NM0008,0,,2025-01-05,2024-12-07,2025-01-05,1,30,1
ZHZ5ZXGZ,ST12000NM0008,0,,2025-01-19,2024-12-21,2025-01-19,1,30,1
ZHZ5ZY46,ST12000NM0008,0,,2025-01-24,2024-12-26,2025-01-24,1,30,1
ZHZ5ZYC4,ST12000NM0008,0,,2025-01-10,2024-12-12,2025-01-10,1,30,1
ZHZ600M4,ST12000NM0008,0,,2025-01-05,2024-12-07,2025-01-05,1,30,1
ZHZ606V4,ST12000NM0008,0,,2025-01-19,2024-12-21,2025-01-19,1,30,1
ZHZ60FGL,ST12000NM0008,1,2025-01-06,,,,0,30,0
ZHZ60HPE,ST12000NM0008,0,,2025-01-08,2024-12-10,2025-01-08,1,30,1
ZHZ60P2W,ST12000NM0008,0,,2025-01-28,2024-12-30,2025-01-28,1,30,1
ZHZ60QBP,ST12000NM0008,0,,2025-01-04,2024-12-06,2025-01-04,1,30,1
ZHZ60QGQ,ST12000NM0008,0,,2025-01-11,2024-12-13,2025-01-11,1,30,1
ZHZ60WNW,ST12000NM0008,0,,2025-01-20,2024-12-22,2025-01-20,1,30,1
ZHZ615RM,ST12000NM0008,0,,2025-01-13,2024-12-15,2025-01-13,1,30,1
ZHZ61619,ST12000NM0008,0,,2025-01-26,2024-12-28,2025-01-26,1,30,1
ZHZ61A8X,ST12000NM0008,0,,2025-01-28,2024-12-30,2025-01-28,1,30,1
ZHZ61D75,ST12000NM0008,0,,2025-01-10,2024-12-12,2025-01-10,1,30,1
ZHZ620XT,ST12000NM0008,0,,2025-01-19,2024-12-21,2025-01-19,1,30,1
ZHZ622CA,ST12000NM0008,0,,2025-01-01,2024-12-03,2025-01-01,1,30,1
ZHZ62362,ST12000NM0008,0,,2025-01-26,2024-12-28,2025-01-26,1,30,1
ZHZ623V2,ST12000NM0008,0,,2025-01-28,2024-12-30,2025-01-28,1,30,1
ZHZ629GN,ST12000NM0008,0,,2025-01-07,2024-12-09,2025-01-07,1,30,1
ZHZ62AKA,ST12000NM0008,0,,2025-01-22,2024-12-24,2025-01-22,1,30,1
ZHZ62BZ0,ST12000NM0008,1,2025-01-22,,,,0,30,0
ZHZ62CK5,ST12000NM0008,0,,2025-01-26,2024-12-28,2025-01-26,1,30,1
ZHZ62E3V,ST12000NM0008,0,,2025-01-20,2024-12-22,2025-01-20,1,30,1
ZHZ62E50,ST12000NM0008,0,,2025-01-24,2024-12-26,2025-01-24,1,30,1
ZHZ62E5P,ST12000NM0008,0,,2025-01-28,2024-12-30,2025-01-28,1,30,1
ZHZ62EEG,ST12000NM0008,0,,2025-01-15,2024-12-17,2025-01-15,1,30,1
ZHZ62EHZ,ST12000NM0008,0,,2025-01-27,2024-12-29,2025-01-27,1,30,1
ZHZ62ELG,ST12000NM0008,0,,2025-01-11,2024-12-13,2025-01-11,1,30,1
ZHZ62ET3,ST12000NM0008,0,,2025-01-14,2024-12-16,2025-01-14,1,30,1
ZHZ62F6P,ST12000NM0008,0,,2025-01-23,2024-12-25,2025-01-23,1,30,1
ZHZ62F7Y,ST12000NM0008,0,,2025-01-17,2024-12-19,2025-01-17,1,30,1
ZHZ62F95,ST12000NM0008,0,,2025-01-23,2024-12-25,2025-01-23,1,30,1
ZHZ62FEG,ST12000NM0008,0,,2025-01-09,2024-12-11,2025-01-09,1,30,1
ZHZ62FNK,ST12000NM0008,1,2025-01-18,,,,0,30,0
ZHZ62FPS,ST12000NM0008,0,,2025-01-12,2024-12-14,2025-01-12,1,30,1
ZHZ62FSG,ST12000NM0008,0,,2025-01-13,2024-12-15,2025-01-13,1,30,1
ZHZ62FZT,ST12000NM0008,0,,2025-01-10,2024-12-12,2025-01-10,1,30,1
ZHZ62GAG,ST12000NM0008,0,,2025-01-16,2024-12-18,2025-01-16,1,30,1
ZHZ62GAX,ST12000NM0008,0,,2025-01-14,2024-12-16,2025-01-14,1,30,1
ZHZ62GFR,ST12000NM0008,0,,2025-01-08,2024-12-10,2025-01-08,1,30,1
ZHZ62GG5,ST12000NM0008,0,,2025-01-19,2024-12-21,2025-01-19,1,30,1
ZHZ62HEZ,ST12000NM0008,0,,2025-01-07,2024-12-09,2025-01-07,1,30,1
ZHZ62HXH,ST12000NM0008,0,,2025-01-28,2024-12-30,2025-01-28,1,30,1
ZHZ62HXJ,ST12000NM0008,0,,2025-01-23,2024-12-25,2025-01-23,1,30,1
ZHZ62JYV,ST12000NM0008,0,,2025-01-10,2024-12-12,2025-01-10,1,30,1
ZHZ62L7J,ST12000NM0008,0,,2025-01-27,2024-12-29,2025-01-27,1,30,1
ZHZ62MEF,ST12000NM0008,0,,2025-01-26,2024-12-28,2025-01-26,1,30,1
ZHZ62N4Q,ST12000NM0008,0,,2025-01-15,2024-12-17,2025-01-15,1,30,1
ZHZ62P83,ST12000NM0008,0,,2025-01-15,2024-12-17,2025-01-15,1,30,1
ZHZ62P96,ST12000NM0008,0,,2025-01-09,2024-12-11,2025-01-09,1,30,1
ZHZ62PPB,ST12000NM0008,0,,2025-01-29,2024-12-31,2025-01-29,1,30,1
ZHZ62PSK,ST12000NM0008,0,,2025-01-11,2024-12-13,2025-01-11,1,30,1
ZHZ62Q1K,ST12000NM0008,0,,2025-01-17,2024-12-19,2025-01-17,1,30,1
ZHZ62WRN,ST12000NM0008,0,,2025-01-13,2024-12-15,2025-01-13,1,30,1
ZHZ62WV6,ST12000NM0008,0,,2025-01-27,2024-12-29,2025-01-27,1,30,1
ZHZ62WX2,ST12000NM0008,0,,2025-01-02,2024-12-04,2025-01-02,1,30,1
ZHZ62YBQ,ST12000NM0008,0,,2025-01-15,2024-12-17,2025-01-15,1,30,1
ZHZ62YC8,ST12000NM0008,0,,2025-01-28,2024-12-30,2025-01-28,1,30,1
ZHZ62YJ1,ST12000NM0008,0,,2025-01-21,2024-12-23,2025-01-21,1,30,1
ZHZ62YRT,ST12000NM0008,0,,2025-01-22,2024-12-24,2025-01-22,1,30,1
ZHZ62Z41,ST12000NM0008,0,,2025-01-15,2024-12-17,2025-01-15,1,30,1
ZHZ631GQ,ST12000NM0008,0,,2025-01-31,2025-01-02,2025-01-31,1,30,1
ZHZ631H4,ST12000NM0008,0,,2025-01-26,2024-12-28,2025-01-26,1,30,1
ZHZ631JB,ST12000NM0008,0,,2025-01-16,2024-12-18,2025-01-16,1,30,1
ZHZ631NG,ST12000NM0008,0,,2025-01-05,2024-12-07,2025-01-05,1,30,1
ZHZ632MD,ST12000NM0008,0,,2025-01-20,2024-12-22,2025-01-20,1,30,1
ZHZ635V3,ST12000NM0008,0,,2025-01-13,2024-12-15,2025-01-13,1,30,1
ZHZ6362Y,ST12000NM0008,0,,2025-01-22,2024-12-24,2025-01-22,1,30,1
ZHZ63652,ST12000NM0008,0,,2025-01-18,2024-12-20,2025-01-18,1,30,1
ZHZ636FN,ST12000NM0008,0,,2025-01-09,2024-12-11,2025-01-09,1,30,1
ZHZ636H8,ST12000NM0008,0,,2025-01-23,2024-12-25,2025-01-23,1,30,1
ZHZ636JN,ST12000NM0008,0,,2025-01-15,2024-12-17,2025-01-15,1,30,1
ZHZ636NX,ST12000NM0008,0,,2025-01-23,2024-12-25,2025-01-23,1,30,1
ZHZ6376Y,ST12000NM0008,0,,2025-01-06,2024-12-08,2025-01-06,1,30,1
ZHZ63CG9,ST12000NM0008,0,,2025-01-29,2024-12-31,2025-01-29,1,30,1
ZHZ63CJG,ST12000NM0008,0,,2025-01-06,2024-12-08,2025-01-06,1,30,1
ZHZ63CYD,ST12000NM0008,0,,2025-01-26,2024-12-28,2025-01-26,1,30,1
ZHZ63E5Y,ST12000NM0008,0,,2025-01-13,2024-12-15,2025-01-13,1,30,1
ZHZ63EKR,ST12000NM0008,0,,2025-01-09,2024-12-11,2025-01-09,1,30,1
ZHZ63EKX,ST12000NM0008,0,,2025-01-19,2024-12-21,2025-01-19,1,30,1
ZHZ63F8S,ST12000NM0008,1,2025-01-17,,,,0,30,0
ZHZ63FMP,ST12000NM0008,0,,2025-01-18,2024-12-20,2025-01-18,1,30,1
ZHZ63H0S,ST12000NM0008,0,,2025-01-10,2024-12-12,2025-01-10,1,30,1
ZHZ63H3J,ST12000NM0008,0,,2025-01-17,2024-12-19,2025-01-17,1,30,1
ZHZ63H4P,ST12000NM0008,0,,2025-01-28,2024-12-30,2025-01-28,1,30,1
ZHZ63H4R,ST12000NM0008,1,2025-01-14,,,,0,30,0
ZHZ63VSQ,ST12000NM0008,0,,2025-01-27,2024-12-29,2025-01-27,1,30,1
ZHZ63VV7,ST12000NM0008,0,,2025-01-14,2024-12-16,2025-01-14,1,30,1
ZHZ648Z7,ST12000NM0008,0,,2025-01-23,2024-12-25,2025-01-23,1,30,1
ZHZ64974,ST12000NM0008,0,,2025-01-16,2024-12-18,2025-01-16,1,30,1
ZHZ64HNJ,ST12000NM0008,0,,2025-01-17,2024-12-19,2025-01-17,1,30,1
ZHZ64JRX,ST12000NM0008,0,,2025-01-26,2024-12-28,2025-01-26,1,30,1
ZHZ64XWE,ST12000NM0008,0,,2025-01-08,2024-12-10,2025-01-08,1,30,1
ZHZ656B7,ST12000NM0008,0,,2025-01-29,2024-12-31,2025-01-29,1,30,1
ZHZ656DT,ST12000NM0008,0,,2025-01-08,2024-12-10,2025-01-08,1,30,1
ZHZ656YV,ST12000NM0008,0,,2025-01-31,2025-01-02,2025-01-31,1,30,1
ZHZ656ZE,ST12000NM0008,0,,2025-01-26,2024-12-28,2025-01-26,2,30,1
ZHZ657LG,ST12000NM0008,0,,2025-01-24,2024-12-26,2025-01-24,1,30,1
ZHZ657YV,ST12000NM0008,0,,2025-01-05,2024-12-07,2025-01-05,1,30,1
ZHZ657ZQ,ST12000NM0008,1,2025-01-12,,,,0,30,0
ZHZ658EY,ST12000NM0008,0,,2025-01-29,2024-12-31,2025-01-29,1,30,1
ZHZ659KV,ST12000NM0008,0,,2025-01-08,2024-12-10,2025-01-08,1,30,1
ZHZ659MG,ST12000NM0008,0,,2025-01-28,2024-12-30,2025-01-28,1,30,1
ZHZ65A1K,ST12000NM0008,0,,2025-01-10,2024-12-12,2025-01-10,1,30,1
ZHZ65A6F,ST12000NM0008,0,,2025-01-07,2024-12-09,2025-01-07,1,30,1
ZHZ65A85,ST12000NM0008,1,2025-01-08,,,,0,30,0
ZHZ65BMN,ST12000NM0008,0,,2025-01-07,2024-12-09,2025-01-07,1,30,1
ZHZ65BNK,ST12000NM0008,0,,2025-01-02,2024-12-04,2025-01-02,1,30,1
ZHZ65CXP,ST12000NM0008,0,,2025-01-16,2024-12-18,2025-01-16,1,30,1
ZHZ65EJ8,ST12000NM0008,0,,2025-01-22,2024-12-24,2025-01-22,1,30,1
ZHZ65EKV,ST12000NM0008,0,,2025-01-28,2024-12-30,2025-01-28,1,30,1
ZHZ65ELQ,ST12000NM0008,0,,2025-01-27,2024-12-29,2025-01-27,1,30,1
ZHZ65EV8,ST12000NM0008,0,,2025-01-24,2024-12-26,2025-01-24,1,30,1
ZHZ65F3G,ST12000NM0008,0,,2025-01-11,2024-12-13,2025-01-11,1,30,1
ZHZ65MJP,ST12000NM0008,0,,2025-01-23,2024-12-25,2025-01-23,1,30,1
ZHZ65MVD,ST12000NM0008,0,,2025-01-26,2024-12-28,2025-01-26,1,30,1
ZHZ65N07,ST12000NM0008,0,,2025-01-15,2024-12-17,2025-01-15,1,30,1
ZHZ65NAR,ST12000NM0008,0,,2025-01-20,2024-12-22,2025-01-20,1,30,1
ZHZ65NE0,ST12000NM0008,0,,2025-01-14,2024-12-16,2025-01-14,1,30,1
ZHZ65NLH,ST12000NM0008,0,,2025-01-12,2024-12-14,2025-01-12,1,30,1
ZHZ65NQZ,ST12000NM0008,0,,2025-01-03,2024-12-05,2025-01-03,1,30,1
ZHZ65P26,ST12000NM0008,0,,2025-01-25,2024-12-27,2025-01-25,1,30,1
ZHZ65P4T,ST12000NM0008,0,,2025-01-25,2024-12-27,2025-01-25,1,30,1
ZHZ65QCA,ST12000NM0008,0,,2025-01-29,2024-12-31,2025-01-29,1,30,1
ZHZ65QDN,ST12000NM0008,0,,2025-01-11,2024-12-13,2025-01-11,1,30,1
ZHZ65QH0,ST12000NM0008,0,,2025-01-29,2024-12-31,2025-01-29,1,30,1
ZHZ65QWG,ST12000NM0008,0,,2025-01-21,2024-12-23,2025-01-21,1,30,1
ZHZ65QZS,ST12000NM0008,0,,2025-01-11,2024-12-13,2025-01-11,1,30,1
ZHZ65R02,ST12000NM0008,0,,2025-01-22,2024-12-24,2025-01-22,1,30,1
ZHZ65R0A,ST12000NM0008,0,,2025-01-03,2024-12-05,2025-01-03,1,30,1
ZHZ65R56,ST12000NM0008,0,,2025-01-05,2024-12-07,2025-01-05,1,30,1
ZHZ65WQF,ST12000NM0008,0,,2025-01-30,2025-01-01,2025-01-30,1,30,1
ZHZ65WYS,ST12000NM0008,0,,2025-01-14,2024-12-16,2025-01-14,1,30,1
ZHZ65X56,ST12000NM0008,0,,2025-01-21,2024-12-23,2025-01-21,1,30,1
ZHZ65X7J,ST12000NM0008,0,,2025-01-23,2024-12-25,2025-01-23,2,30,1
ZHZ65XAL,ST12000NM0008,0,,2025-01-16,2024-12-18,2025-01-16,2,30,1
ZHZ65XBN,ST12000NM0008,0,,2025-01-14,2024-12-16,2025-01-14,1,30,1
ZHZ65XL4,ST12000NM0008,0,,2025-01-13,2024-12-15,2025-01-13,1,30,1
ZHZ65XS1,ST12000NM0008,0,,2025-01-29,2024-12-31,2025-01-29,1,30,1
ZHZ65XWF,ST12000NM0008,0,,2025-01-15,2024-12-17,2025-01-15,1,30,1
ZHZ65XXC,ST12000NM0008,0,,2025-01-26,2024-12-28,2025-01-26,1,30,1
ZHZ65XZ7,ST12000NM0008,0,,2025-01-03,2024-12-05,2025-01-03,1,30,1
ZHZ65Y5V,ST12000NM0008,0,,2025-01-16,2024-12-18,2025-01-16,1,30,1
ZHZ65Y8A,ST12000NM0008,1,2025-01-02,,,,0,30,0
ZHZ661BT,ST12000NM0008,0,,2025-01-04,2024-12-06,2025-01-04,1,30,1
ZHZ661C3,ST12000NM0008,0,,2025-01-14,2024-12-16,2025-01-14,1,30,1
ZHZ661C6,ST12000NM0008,0,,2025-01-17,2024-12-19,2025-01-17,1,30,1
ZHZ661HX,ST12000NM0008,0,,2025-01-08,2024-12-10,2025-01-08,1,30,1
ZHZ661KF,ST12000NM0008,0,,2025-01-21,2024-12-23,2025-01-21,1,30,1
ZHZ661MG,ST12000NM0008,0,,2025-01-26,2024-12-28,2025-01-26,1,30,1
ZHZ661Q9,ST12000NM0008,0,,2025-01-21,2024-12-23,2025-01-21,1,30,1
ZHZ661SN,ST12000NM0008,0,,2025-01-18,2024-12-20,2025-01-18,1,30,1
ZHZ6620J,ST12000NM0008,0,,2025-01-23,2024-12-25,2025-01-23,1,30,1
ZHZ66627,ST12000NM0008,0,,2025-01-09,2024-12-11,2025-01-09,1,30,1
ZHZ6662K,ST12000NM0008,0,,2025-01-23,2024-12-25,2025-01-23,1,30,1
ZHZ6663R,ST12000NM0008,0,,2025-01-27,2024-12-29,2025-01-27,1,30,1
ZHZ6669E,ST12000NM0008,0,,2025-01-08,2024-12-10,2025-01-08,1,30,1
ZHZ666AK,ST12000NM0008,0,,2025-01-31,2025-01-02,2025-01-31,1,30,1
ZHZ666AY,ST12000NM0008,0,,2025-01-08,2024-12-10,2025-01-08,1,30,1
ZHZ666KM,ST12000NM0008,0,,2025-01-20,2024-12-22,2025-01-20,1,30,1
ZHZ666V0,ST12000NM0008,0,,2025-01-13,2024-12-15,2025-01-13,1,30,1
ZHZ666VM,ST12000NM0008,0,,2025-01-26,2024-12-28,2025-01-26,1,30,1
ZHZ6674M,ST12000NM0008,0,,2025-01-20,2024-12-22,2025-01-20,1,30,1
ZHZ667SP,ST12000NM0008,0,,2025-01-02,2024-12-04,2025-01-02,1,30,1
ZHZ667WT,ST12000NM0008,0,,2025-01-08,2024-12-10,2025-01-08,1,30,1
ZHZ667Y7,ST12000NM0008,0,,2025-01-24,2024-12-26,2025-01-24,1,30,1
ZHZ668AK,ST12000NM0008,0,,2025-01-18,2024-12-20,2025-01-18,1,30,1
ZHZ668AS,ST12000NM0008,0,,2025-01-20,2024-12-22,2025-01-20,1,30,1
ZHZ668BR,ST12000NM0008,0,,2025-01-01,2024-12-03,2025-01-01,1,30,1
ZHZ668D1,ST12000NM0008,0,,2025-01-27,2024-12-29,2025-01-27,1,30,1
ZHZ668MW,ST12000NM0008,0,,2025-01-21,2024-12-23,2025-01-21,2,30,1
ZHZ668NS,ST12000NM0008,0,,2025-01-14,2024-12-16,2025-01-14,1,30,1
ZHZ668VV,ST12000NM0008,0,,2025-01-08,2024-12-10,2025-01-08,1,30,1
ZHZ668X8,ST12000NM0008,0,,2025-01-20,2024-12-22,2025-01-20,1,30,1
ZHZ668ZK,ST12000NM0008,0,,2025-01-17,2024-12-19,2025-01-17,1,30,1
ZHZ669E4,ST12000NM0008,0,,2025-01-12,2024-12-14,2025-01-12,1,30,1
ZHZ669EF,ST12000NM0008,0,,2025-01-11,2024-12-13,2025-01-11,1,30,1
ZHZ669W2,ST12000NM0008,0,,2025-01-31,2025-01-02,2025-01-31,1,30,1
ZHZ669WJ,ST12000NM0008,0,,2025-01-09,2024-12-11,2025-01-09,1,30,1
ZHZ66A2G,ST12000NM0008,0,,2025-01-21,2024-12-23,2025-01-21,1,30,1
ZHZ66A2Y,ST12000NM0008,0,,2025-01-04,2024-12-06,2025-01-04,1,30,1
ZHZ66A4C,ST12000NM0008,0,,2025-01-22,2024-12-24,2025-01-22,1,30,1
ZHZ66A63,ST12000NM0008,0,,2025-01-10,2024-12-12,2025-01-10,1,30,1
ZHZ66A8Y,ST12000NM0008,0,,2025-01-29,2024-12-31,2025-01-29,1,30,1
ZHZ69GPP,ST12000NM0008,1,2025-01-01,,,,0,30,0
ZHZ69XR4,ST12000NM0008,0,,2025-01-04,2024-12-06,2025-01-04,1,30,1
ZHZ6A5G2,ST12000NM0008,0,,2025-01-03,2024-12-05,2025-01-03,1,30,1
ZHZ6BA06,ST12000NM0008,0,,2025-01-02,2024-12-04,2025-01-02,1,30,1
ZHZ6BGCW,ST12000NM0008,0,,2025-01-31,2025-01-02,2025-01-31,1,30,1
ZHZ6BQBL,ST12000NM0008,0,,2025-01-19,2024-12-21,2025-01-19,1,30,1
ZHZ6BWYZ,ST12000NM0008,0,,2025-01-23,2024-12-25,2025-01-23,1,30,1
ZHZ6D31C,ST12000NM0008,0,,2025-01-06,2024-12-08,2025-01-06,1,30,1
ZHZ6D3GC,ST12000NM0008,0,,2025-01-15,2024-12-17,2025-01-15,1,30,1
ZHZ6D3LZ,ST12000NM0008,0,,2025-01-31,2025-01-02,2025-01-31,1,30,1
ZHZ6D3NA,ST12000NM0008,0,,2025-01-20,2024-12-22,2025-01-20,1,30,1
ZHZ6D3XH,ST12000NM0008,1,2025-01-06,,,,0,30,0
ZHZ6E3AM,ST12000NM0008,0,,2025-01-03,2024-12-05,2025-01-03,1,30,1
ZHZ6E3LT,ST12000NM0008,0,,2025-01-05,2024-12-07,2025-01-05,1,30,1
ZHZ6E9NE,ST12000NM0008,1,2025-01-30,,,,0,30,0
ZJ002QVH,ST12000NM0008,0,,2025-01-06,2024-12-08,2025-01-06,1,30,1
ZL0007L3,ST12000NM0008,0,,2025-01-13,2024-12-15,2025-01-13,1,30,1
ZL0008T1,ST12000NM0008,0,,2025-01-04,2024-12-06,2025-01-04,1,30,1
ZL000GDZ,ST12000NM0008,0,,2025-01-12,2024-12-14,2025-01-12,1,30,1
ZL001BVD,ST12000NM0008,0,,2025-01-30,2025-01-01,2025-01-30,1,30,1
ZL002B3Z,ST12000NM0008,0,,2025-01-15,2024-12-17,2025-01-15,1,30,1
ZL002XXG,ST12000NM0008,0,,2025-01-28,2024-12-30,2025-01-28,1,30,1
ZL004FFQ,ST12000NM0008,0,,2025-01-03,2024-12-05,2025-01-03,1,30,1
ZL004L1E,ST12000NM0008,0,,2025-01-15,2024-12-17,2025-01-15,1,30,1
ZL004L1Q,ST12000NM0008,0,,2025-01-06,2024-12-08,2025-01-06,1,30,1
ZL004L2Q,ST12000NM0008,0,,2025-01-30,2025-01-01,2025-01-30,1,30,1
ZL004L31,ST12000NM0008,0,,2025-01-28,2024-12-30,2025-01-28,1,30,1
ZL004L35,ST12000NM0008,0,,2025-01-03,2024-12-05,2025-01-03,1,30,1
ZL004L3V,ST12000NM0008,0,,2025-01-08,2024-12-10,2025-01-08,1,30,1
ZL004L4L,ST12000NM0008,0,,2025-01-11,2024-12-13,2025-01-11,1,30,1
ZL004L4Q,ST12000NM0008,0,,2025-01-02,2024-12-04,2025-01-02,1,30,1
ZL004L5R,ST12000NM0008,0,,2025-01-24,2024-12-26,2025-01-24,1,30,1
ZL004L5V,ST12000NM0008,0,,2025-01-10,2024-12-12,2025-01-10,1,30,1
ZL004L5Y,ST12000NM0008,0,,2025-01-22,2024-12-24,2025-01-22,1,30,1
ZL004L6R,ST12000NM0008,0,,2025-01-22,2024-12-24,2025-01-22,1,30,1
ZL004L6W,ST12000NM0008,0,,2025-01-01,2024-12-03,2025-01-01,1,30,1
ZL004L86,ST12000NM0008,0,,2025-01-23,2024-12-25,2025-01-23,1,30,1
ZL004L8C,ST12000NM0008,0,,2025-01-14,2024-12-16,2025-01-14,1,30,1
ZL004L99,ST12000NM0008,0,,2025-01-02,2024-12-04,2025-01-02,1,30,1
ZL004LA0,ST12000NM0008,0,,2025-01-15,2024-12-17,2025-01-15,1,30,1
ZL004LA8,ST12000NM0008,0,,2025-01-11,2024-12-13,2025-01-11,1,30,1
ZL004QL6,ST12000NM0008,0,,2025-01-22,2024-12-24,2025-01-22,1,30,1
ZL004QLD,ST12000NM0008,0,,2025-01-22,2024-12-24,2025-01-22,1,30,1
ZL004QLK,ST12000NM0008,0,,2025-01-17,2024-12-19,2025-01-17,1,30,1
ZL004QLP,ST12000NM0008,0,,2025-01-09,2024-12-11,2025-01-09,1,30,1
ZL004QM7,ST12000NM0008,0,,2025-01-06,2024-12-08,2025-01-06,1,30,1
ZL004QN2,ST12000NM0008,0,,2025-01-20,2024-12-22,2025-01-20,1,30,1
ZL004QNB,ST12000NM0008,0,,2025-01-12,2024-12-14,2025-01-12,1,30,1
ZL004QNS,ST12000NM0008,0,,2025-01-14,2024-12-16,2025-01-14,1,30,1
ZL004QPE,ST12000NM0008,0,,2025-01-07,2024-12-09,2025-01-07,1,30,1
ZL004QPW,ST12000NM0008,0,,2025-01-25,2024-12-27,2025-01-25,1,30,1
ZL004QRT,ST12000NM0008,0,,2025-01-14,2024-12-16,2025-01-14,1,30,1
ZL004QVE,ST12000NM0008,0,,2025-01-20,2024-12-22,2025-01-20,1,30,1
ZL004QW6,ST12000NM0008,0,,2025-01-31,2025-01-02,2025-01-31,1,30,1
ZL004QW9,ST12000NM0008,0,,2025-01-28,2024-12-30,2025-01-28,1,30,1
ZL004QYE,ST12000NM0008,0,,2025-01-25,2024-12-27,2025-01-25,1,30,1
ZL004QYN,ST12000NM0008,0,,2025-01-22,2024-12-24,2025-01-22,1,30,1
ZL004R1C,ST12000NM0008,0,,2025-01-06,2024-12-08,2025-01-06,1,30,1
ZL004R1F,ST12000NM0008,0,,2025-01-11,2024-12-13,2025-01-11,1,30,1
ZL004R1L,ST12000NM0008,0,,2025-01-21,2024-12-23,2025-01-21,1,30,1
ZL004R3E,ST12000NM0008,0,,2025-01-04,2024-12-06,2025-01-04,1,30,1
ZL004R4E,ST12000NM0008,0,,2025-01-20,2024-12-22,2025-01-20,1,30,1
ZL004R4G,ST12000NM0008,0,,2025-01-11,2024-12-13,2025-01-11,1,30,1
ZL004R4H,ST12000NM0008,0,,2025-01-10,2024-12-12,2025-01-10,1,30,1
ZL004RNF,ST12000NM0008,1,2025-01-10,,,,0,30,0
ZL0050T2,ST12000NM0008,0,,2025-01-26,2024-12-28,2025-01-26,1,30,1
ZL0050TL,ST12000NM0008,0,,2025-01-19,2024-12-21,2025-01-19,1,30,1
ZL0050VL,ST12000NM0008,0,,2025-01-10,2024-12-12,2025-01-10,1,30,1
ZL0050W1,ST12000NM0008,0,,2025-01-20,2024-12-22,2025-01-20,1,30,1
ZL0050WK,ST12000NM0008,0,,2025-01-21,2024-12-23,2025-01-21,2,30,1
ZL0050XC,ST12000NM0008,0,,2025-01-12,2024-12-14,2025-01-12,1,30,1
ZL0050XY,ST12000NM0008,1,2025-01-22,,,,0,30,0
ZL0050YL,ST12000NM0008,0,,2025-01-17,2024-12-19,2025-01-17,1,30,1
ZL0050YN,ST12000NM0008,0,,2025-01-26,2024-12-28,2025-01-26,1,30,1
ZL0050Z7,ST12000NM0008,0,,2025-01-10,2024-12-12,2025-01-10,1,30,1
ZL005102,ST12000NM0008,0,,2025-01-20,2024-12-22,2025-01-20,1,30,1
ZL005119,ST12000NM0008,0,,2025-01-09,2024-12-11,2025-01-09,1,30,1
ZL00511H,ST12000NM0008,0,,2025-01-28,2024-12-30,2025-01-28,1,30,1
ZL00512M,ST12000NM0008,0,,2025-01-01,2024-12-03,2025-01-01,1,30,1
ZL00513B,ST12000NM0008,0,,2025-01-20,2024-12-22,2025-01-20,1,30,1
ZL00513G,ST12000NM0008,0,,2025-01-10,2024-12-12,2025-01-10,1,30,1
ZL00513T,ST12000NM0008,1,2025-01-06,,,,0,30,0
ZL005142,ST12000NM0008,0,,2025-01-30,2025-01-01,2025-01-30,1,30,1
ZL005146,ST12000NM0008,0,,2025-01-17,2024-12-19,2025-01-17,1,30,1
ZL00514P,ST12000NM0008,0,,2025-01-02,2024-12-04,2025-01-02,1,30,1
ZL005159,ST12000NM0008,0,,2025-01-15,2024-12-17,2025-01-15,2,30,1
ZL005168,ST12000NM0008,0,,2025-01-02,2024-12-04,2025-01-02,1,30,1
ZL00518G,ST12000NM0008,0,,2025-01-20,2024-12-22,2025-01-20,1,30,1
ZL00519S,ST12000NM0008,0,,2025-01-29,2024-12-31,2025-01-29,1,30,1
ZL0051B4,ST12000NM0008,0,,2025-01-14,2024-12-16,2025-01-14,1,30,1
ZL0051C2,ST12000NM0008,0,,2025-01-14,2024-12-16,2025-01-14,1,30,1
ZL0051FC,ST12000NM0008,0,,2025-01-31,2025-01-02,2025-01-31,1,30,1
ZL0051FT,ST12000NM0008,0,,2025-01-03,2024-12-05,2025-01-03,1,30,1
ZL0051G3,ST12000NM0008,0,,2025-01-08,2024-12-10,2025-01-08,1,30,1
ZL0051G9,ST12000NM0008,0,,2025-01-09,2024-12-11,2025-01-09,1,30,1
ZL0051HM,ST12000NM0008,0,,2025-01-01,2024-12-03,2025-01-01,1,30,1
ZL0051J5,ST12000NM0008,0,,2025-01-13,2024-12-15,2025-01-13,1,30,1
ZL0051JL,ST12000NM0008,0,,2025-01-20,2024-12-22,2025-01-20,1,30,1
ZL0051JX,ST12000NM0008,0,,2025-01-18,2024-12-20,2025-01-18,1,30,1
ZL0051JY,ST12000NM0008,0,,2025-01-16,2024-12-18,2025-01-16,1,30,1
ZL0051LS,ST12000NM0008,0,,2025-01-06,2024-12-08,2025-01-06,1,30,1
ZL0051MK,ST12000NM0008,0,,2025-01-25,2024-12-27,2025-01-25,1,30,1
ZL0051QP,ST12000NM0008,0,,2025-01-23,2024-12-25,2025-01-23,1,30,1
ZL0051RE,ST12000NM0008,0,,2025-01-28,2024-12-30,2025-01-28,1,30,1
ZL0051RM,ST12000NM0008,0,,2025-01-29,2024-12-31,2025-01-29,1,30,1
ZL0051SK,ST12000NM0008,0,,2025-01-29,2024-12-31,2025-01-29,1,30,1
ZL0051T0,ST12000NM0008,0,,2025-01-03,2024-12-05,2025-01-03,1,30,1
ZL0051T6,ST12000NM0008,0,,2025-01-24,2024-12-26,2025-01-24,1,30,1
ZL0051TB,ST12000NM0008,0,,2025-01-05,2024-12-07,2025-01-05,1,30,1
ZL0051TH,ST12000NM0008,0,,2025-01-07,2024-12-09,2025-01-07,1,30,1
ZL0051TV,ST12000NM0008,0,,2025-01-21,2024-12-23,2025-01-21,1,30,1
ZL0051V5,ST12000NM0008,0,,2025-01-19,2024-12-21,2025-01-19,1,30,1
ZL0051VY,ST12000NM0008,0,,2025-01-21,2024-12-23,2025-01-21,1,30,1
ZL0051W2,ST12000NM0008,0,,2025-01-02,2024-12-04,2025-01-02,1,30,1
ZL0051X1,ST12000NM0008,0,,2025-01-27,2024-12-29,2025-01-27,1,30,1
ZL0051X3,ST12000NM0008,0,,2025-01-28,2024-12-30,2025-01-28,1,30,1
ZL0051X9,ST12000NM0008,0,,2025-01-01,2024-12-03,2025-01-01,1,30,1
ZL0051Z5,ST12000NM0008,0,,2025-01-26,2024-12-28,2025-01-26,1,30,1
ZL0051ZS,ST12000NM0008,0,,2025-01-21,2024-12-23,2025-01-21,1,30,1
ZL00520E,ST12000NM0008,0,,2025-01-16,2024-12-18,2025-01-16,1,30,1
ZL00523G,ST12000NM0008,0,,2025-01-16,2024-12-18,2025-01-16,1,30,1
ZL00524Y,ST12000NM0008,0,,2025-01-06,2024-12-08,2025-01-06,1,30,1
ZL00526T,ST12000NM0008,0,,2025-01-05,2024-12-07,2025-01-05,1,30,1
ZL00527E,ST12000NM0008,0,,2025-01-12,2024-12-14,2025-01-12,1,30,1
ZL00528M,ST12000NM0008,0,,2025-01-10,2024-12-12,2025-01-10,1,30,1
ZL0052BN,ST12000NM0008,0,,2025-01-21,2024-12-23,2025-01-21,1,30,1
ZL0052CZ,ST12000NM0008,0,,2025-01-11,2024-12-13,2025-01-11,1,30,1
ZL0052DH,ST12000NM0008,0,,2025-01-12,2024-12-14,2025-01-12,1,30,1
ZL0052DT,ST12000NM0008,0,,2025-01-08,2024-12-10,2025-01-08,1,30,1
ZL0052E0,ST12000NM0008,0,,2025-01-31,2025-01-02,2025-01-31,1,30,1
ZL0052F2,ST12000NM0008,0,,2025-01-30,2025-01-01,2025-01-30,1,30,1
ZL0052GH,ST12000NM0008,0,,2025-01-31,2025-01-02,2025-01-31,1,30,1
ZL0052GP,ST12000NM0008,0,,2025-01-27,2024-12-29,2025-01-27,1,30,1
ZL0052H0,ST12000NM0008,0,,2025-01-21,2024-12-23,2025-01-21,1,30,1
ZL0052HF,ST12000NM0008,0,,2025-01-29,2024-12-31,2025-01-29,1,30,1
ZL0052K5,ST12000NM0008,0,,2025-01-16,2024-12-18,2025-01-16,1,30,1
ZL0052LA,ST12000NM0008,0,,2025-01-09,2024-12-11,2025-01-09,1,30,1
ZL0052LT,ST12000NM0008,0,,2025-01-22,2024-12-24,2025-01-22,1,30,1
ZL0052LY,ST12000NM0008,0,,2025-01-26,2024-12-28,2025-01-26,1,30,1
ZL0052QL,ST12000NM0008,0,,2025-01-03,2024-12-05,2025-01-03,1,30,1
ZL0052R9,ST12000NM0008,0,,2025-01-09,2024-12-11,2025-01-09,1,30,1
ZL0052S0,ST12000NM0008,0,,2025-01-30,2025-01-01,2025-01-30,1,30,1
ZL0052T0,ST12000NM0008,0,,2025-01-27,2024-12-29,2025-01-27,1,30,1
ZL0052TA,ST12000NM0008,0,,2025-01-16,2024-12-18,2025-01-16,1,30,1
ZL0052TK,ST12000NM0008,0,,2025-01-09,2024-12-11,2025-01-09,1,30,1
ZL0052VK,ST12000NM0008,0,,2025-01-13,2024-12-15,2025-01-13,1,30,1
ZL0052YG,ST12000NM0008,0,,2025-01-28,2024-12-30,2025-01-28,1,30,1
ZL0052ZL,ST12000NM0008,0,,2025-01-18,2024-12-20,2025-01-18,1,30,1
ZL0052ZX,ST12000NM0008,0,,2025-01-11,2024-12-13,2025-01-11,1,30,1
ZL00535T,ST12000NM0008,0,,2025-01-20,2024-12-22,2025-01-20,1,30,1
ZL00538A,ST12000NM0008,0,,2025-01-30,2025-01-01,2025-01-30,1,30,1
ZL00538D,ST12000NM0008,0,,2025-01-21,2024-12-23,2025-01-21,1,30,1
ZL00539K,ST12000NM0008,0,,2025-01-27,2024-12-29,2025-01-27,1,30,1
ZL0054WZ,ST12000NM0008,0,,2025-01-30,2025-01-01,2025-01-30,1,30,1
ZL0054XV,ST12000NM0008,0,,2025-01-31,2025-01-02,2025-01-31,1,30,1
ZL0054YF,ST12000NM0008,0,,2025-01-12,2024-12-14,2025-01-12,1,30,1
ZL0054YM,ST12000NM0008,0,,2025-01-04,2024-12-06,2025-01-04,1,30,1
ZL0054Z6,ST12000NM0008,0,,2025-01-22,2024-12-24,2025-01-22,1,30,1
ZL0054ZC,ST12000NM0008,0,,2025-01-27,2024-12-29,2025-01-27,1,30,1
ZL005504,ST12000NM0008,0,,2025-01-13,2024-12-15,2025-01-13,2,30,1
ZL00550G,ST12000NM0008,0,,2025-01-25,2024-12-27,2025-01-25,1,30,1
ZL005526,ST12000NM0008,0,,2025-01-28,2024-12-30,2025-01-28,1,30,1
ZL00552F,ST12000NM0008,0,,2025-01-09,2024-12-11,2025-01-09,1,30,1
ZL00553H,ST12000NM0008,0,,2025-01-30,2025-01-01,2025-01-30,1,30,1
ZL005545,ST12000NM0008,0,,2025-01-30,2025-01-01,2025-01-30,1,30,1
ZL00556W,ST12000NM0008,0,,2025-01-12,2024-12-14,2025-01-12,1,30,1
ZL00556Y,ST12000NM0008,0,,2025-01-27,2024-12-29,2025-01-27,1,30,1
ZL005576,ST12000NM0008,0,,2025-01-06,2024-12-08,2025-01-06,1,30,1
ZL00557X,ST12000NM0008,0,,2025-01-04,2024-12-06,2025-01-04,1,30,1
ZL0055E6,ST12000NM0008,0,,2025-01-30,2025-01-01,2025-01-30,1,30,1
ZL0055E9,ST12000NM0008,0,,2025-01-26,2024-12-28,2025-01-26,1,30,1
ZL0055FB,ST12000NM0008,0,,2025-01-14,2024-12-16,2025-01-14,1,30,1
ZL0055G3,ST12000NM0008,0,,2025-01-03,2024-12-05,2025-01-03,1,30,1
ZL0055GL,ST12000NM0008,0,,2025-01-24,2024-12-26,2025-01-24,1,30,1
ZL0055GZ,ST12000NM0008,0,,2025-01-25,2024-12-27,2025-01-25,1,30,1
ZL0055JG,ST12000NM0008,0,,2025-01-26,2024-12-28,2025-01-26,1,30,1
ZL0055K6,ST12000NM0008,0,,2025-01-07,2024-12-09,2025-01-07,1,30,1
ZL0055L7,ST12000NM0008,0,,2025-01-21,2024-12-23,2025-01-21,1,30,1
ZL0055QS,ST12000NM0008,0,,2025-01-16,2024-12-18,2025-01-16,1,30,1
ZL0055R5,ST12000NM0008,0,,2025-01-13,2024-12-15,2025-01-13,1,30,1
ZL0055S9,ST12000NM0008,0,,2025-01-07,2024-12-09,2025-01-07,1,30,1
ZL0055VS,ST12000NM0008,0,,2025-01-01,2024-12-03,2025-01-01,1,30,1
ZL0055X4,ST12000NM0008,0,,2025-01-13,2024-12-15,2025-01-13,1,30,1
ZL0055X6,ST12000NM0008,0,,2025-01-28,2024-12-30,2025-01-28,1,30,1
ZL0055XM,ST12000NM0008,0,,2025-01-16,2024-12-18,2025-01-16,1,30,1
ZL0055ZG,ST12000NM0008,0,,2025-01-15,2024-12-17,2025-01-15,1,30,1
ZL0055ZP,ST12000NM0008,0,,2025-01-10,2024-12-12,2025-01-10,1,30,1
ZL00560Z,ST12000NM0008,0,,2025-01-29,2024-12-31,2025-01-29,1,30,1
ZL00561S,ST12000NM0008,0,,2025-01-31,2025-01-02,2025-01-31,1,30,1
ZL00561Z,ST12000NM0008,0,,2025-01-14,2024-12-16,2025-01-14,1,30,1
ZL00562T,ST12000NM0008,0,,2025-01-26,2024-12-28,2025-01-26,1,30,1
ZL00565X,ST12000NM0008,0,,2025-01-30,2025-01-01,2025-01-30,1,30,1
ZL00566V,ST12000NM0008,0,,2025-01-11,2024-12-13,2025-01-11,1,30,1
ZL00566X,ST12000NM0008,0,,2025-01-21,2024-12-23,2025-01-21,1,30,1
ZL00567N,ST12000NM0008,0,,2025-01-08,2024-12-10,2025-01-08,1,30,1
ZL00568P,ST12000NM0008,0,,2025-01-01,2024-12-03,2025-01-01,1,30,1
ZL00568Q,ST12000NM0008,0,,2025-01-06,2024-12-08,2025-01-06,1,30,1
ZL00568X,ST12000NM0008,0,,2025-01-27,2024-12-29,2025-01-27,1,30,1
ZL0056BD,ST12000NM0008,0,,2025-01-18,2024-12-20,2025-01-18,1,30,1
ZL005B9K,ST12000NM0008,0,,2025-01-31,2025-01-02,2025-01-31,1,30,1
ZL005BA2,ST12000NM0008,0,,2025-01-29,2024-12-31,2025-01-29,1,30,1
ZL005BA3,ST12000NM0008,0,,2025-01-22,2024-12-24,2025-01-22,1,30,1
ZL005BAF,ST12000NM0008,0,,2025-01-06,2024-12-08,2025-01-06,1,30,1
ZL005BCE,ST12000NM0008,0,,2025-01-25,2024-12-27,2025-01-25,1,30,1
ZL005BCY,ST12000NM0008,0,,2025-01-08,2024-12-10,2025-01-08,1,30,1
ZL005BCZ,ST12000NM0008,0,,2025-01-29,2024-12-31,2025-01-29,1,30,1
ZL005BD6,ST12000NM0008,0,,2025-01-17,2024-12-19,2025-01-17,1,30,1
ZL005BEQ,ST12000NM0008,0,,2025-01-24,2024-12-26,2025-01-24,1,30,1
ZL005BF7,ST12000NM0008,0,,2025-01-28,2024-12-30,2025-01-28,1,30,1
ZL005BFA,ST12000NM0008,0,,2025-01-16,2024-12-18,2025-01-16,1,30,1
ZL005BFE,ST12000NM0008,0,,2025-01-11,2024-12-13,2025-01-11,1,30,1
ZL005BFR,ST12000NM0008,0,,2025-01-03,2024-12-05,2025-01-03,1,30,1
ZL005BJL,ST12000NM0008,0,,2025-01-21,2024-12-23,2025-01-21,1,30,1
ZL005BLM,ST12000NM0008,0,,2025-01-03,2024-12-05,2025-01-03,1,30,1
ZL005BLW,ST12000NM0008,0,,2025-01-06,2024-12-08,2025-01-06,1,30,1
ZL005BP1,ST12000NM0008,0,,2025-01-05,2024-12-07,2025-01-05,1,30,1
ZL005BPQ,ST12000NM0008,0,,2025-01-17,2024-12-19,2025-01-17,1,30,1
ZL005BS7,ST12000NM0008,0,,2025-01-02,2024-12-04,2025-01-02,1,30,1
ZL005BSY,ST12000NM0008,0,,2025-01-25,2024-12-27,2025-01-25,1,30,1
ZL005BW2,ST12000NM0008,0,,2025-01-10,2024-12-12,2025-01-10,1,30,1
ZL005BWR,ST12000NM0008,0,,2025-01-22,2024-12-24,2025-01-22,1,30,1
ZL005BWV,ST12000NM0008,0,,2025-01-19,2024-12-21,2025-01-19,1,30,1
ZL005BY5,ST12000NM0008,0,,2025-01-07,2024-12-09,2025-01-07,1,30,1
ZL005BYE,ST12000NM0008,0,,2025-01-07,2024-12-09,2025-01-07,1,30,1
ZL005BZ4,ST12000NM0008,0,,2025-01-02,2024-12-04,2025-01-02,1,30,1
ZL005BZP,ST12000NM0008,0,,2025-01-15,2024-12-17,2025-01-15,1,30,1
ZL005C1C,ST12000NM0008,0,,2025-01-03,2024-12-05,2025-01-03,1,30,1
ZL005C1S,ST12000NM0008,0,,2025-01-17,2024-12-19,2025-01-17,1,30,1
ZL005C1V,ST12000NM0008,0,,2025-01-21,2024-12-23,2025-01-21,1,30,1
ZL005C29,ST12000NM0008,0,,2025-01-18,2024-12-20,2025-01-18,1,30,1
ZL005C30,ST12000NM0008,0,,2025-01-04,2024-12-06,2025-01-04,1,30,1
ZL005C4X,ST12000NM0008,0,,2025-01-29,2024-12-31,2025-01-29,1,30,1
ZL005C53,ST12000NM0008,0,,2025-01-05,2024-12-07,2025-01-05,1,30,1
ZL005C5E,ST12000NM0008,0,,2025-01-07,2024-12-09,2025-01-07,1,30,1
ZL005C8F,ST12000NM0008,0,,2025-01-03,2024-12-05,2025-01-03,1,30,1
ZL005CA6,ST12000NM0008,0,,2025-01-31,2025-01-02,2025-01-31,1,30,1
ZL005CAD,ST12000NM0008,0,,2025-01-28,2024-12-30,2025-01-28,1,30,1
ZL005CB0,ST12000NM0008,0,,2025-01-22,2024-12-24,2025-01-22,1,30,1
ZL005CC2,ST12000NM0008,0,,2025-01-27,2024-12-29,2025-01-27,1,30,1
ZL005CCS,ST12000NM0008,0,,2025-01-17,2024-12-19,2025-01-17,1,30,1
ZL005CCZ,ST12000NM0008,0,,2025-01-10,2024-12-12,2025-01-10,1,30,1
ZL005CF0,ST12000NM0008,0,,2025-01-14,2024-12-16,2025-01-14,1,30,1
ZL005CF2,ST12000NM0008,0,,2025-01-15,2024-12-17,2025-01-15,1,30,1
ZL005CF7,ST12000NM0008,0,,2025-01-25,2024-12-27,2025-01-25,1,30,1
ZL005CGX,ST12000NM0008,0,,2025-01-18,2024-12-20,2025-01-18,1,30,1
ZL005CHM,ST12000NM0008,0,,2025-01-18,2024-12-20,2025-01-18,1,30,1
ZL005CJ9,ST12000NM0008,0,,2025-01-14,2024-12-16,2025-01-14,1,30,1
ZL005CKX,ST12000NM0008,0,,2025-01-04,2024-12-06,2025-01-04,1,30,1
ZL005CL1,ST12000NM0008,0,,2025-01-09,2024-12-11,2025-01-09,1,30,1
ZL005CLX,ST12000NM0008,0,,2025-01-12,2024-12-14,2025-01-12,1,30,1
ZL005CN0,ST12000NM0008,0,,2025-01-23,2024-12-25,2025-01-23,1,30,1
ZL005CPB,ST12000NM0008,0,,2025-01-11,2024-12-13,2025-01-11,1,30,1
ZL005CPM,ST12000NM0008,0,,2025-01-29,2024-12-31,2025-01-29,1,30,1
ZL005CQB,ST12000NM0008,0,,2025-01-10,2024-12-12,2025-01-10,1,30,1
ZL005CQD,ST12000NM0008,0,,2025-01-09,2024-12-11,2025-01-09,1,30,1
ZL005CRX,ST12000NM0008,0,,2025-01-15,2024-12-17,2025-01-15,1,30,1
ZL005CSL,ST12000NM0008,0,,2025-01-06,2024-12-08,2025-01-06,1,30,1
ZL005CW1,ST12000NM0008,0,,2025-01-13,2024-12-15,2025-01-13,1,30,1
ZL005CW8,ST12000NM0008,0,,2025-01-14,2024-12-16,2025-01-14,1,30,1
ZL005CWF,ST12000NM0008,0,,2025-01-13,2024-12-15,2025-01-13,1,30,1
ZL005CWG,ST12000NM0008,0,,2025-01-18,2024-12-20,2025-01-18,1,30,1
ZL005CZ7,ST12000NM0008,0,,2025-01-16,2024-12-18,2025-01-16,1,30,1
ZL005D0F,ST12000NM0008,0,,2025-01-19,2024-12-21,2025-01-19,1,30,1
ZL005D0K,ST12000NM0008,0,,2025-01-24,2024-12-26,2025-01-24,1,30,1
ZL005D15,ST12000NM0008,0,,2025-01-11,2024-12-13,2025-01-11,1,30,1
ZL005D1R,ST12000NM0008,0,,2025-01-18,2024-12-20,2025-01-18,1,30,1
ZL005D4L,ST12000NM0008,0,,2025-01-25,2024-12-27,2025-01-25,2,30,1
ZL005D52,ST12000NM0008,0,,2025-01-05,2024-12-07,2025-01-05,1,30,1
ZL005D5J,ST12000NM0008,0,,2025-01-13,2024-12-15,2025-01-13,1,30,1
ZL005D5N,ST12000NM0008,0,,2025-01-04,2024-12-06,2025-01-04,1,30,1
ZL005D5Q,ST12000NM0008,0,,2025-01-21,2024-12-23,2025-01-21,1,30,1
ZL005DAG,ST12000NM0008,0,,2025-01-19,2024-12-21,2025-01-19,1,30,1
ZL005DBH,ST12000NM0008,0,,2025-01-01,2024-12-03,2025-01-01,1,30,1
ZL005DBY,ST12000NM0008,0,,2025-01-15,2024-12-17,2025-01-15,1,30,1
ZL005DCA,ST12000NM0008,0,,2025-01-13,2024-12-15,2025-01-13,1,30,1
ZL005DDL,ST12000NM0008,0,,2025-01-21,2024-12-23,2025-01-21,1,30,1
ZL005DFZ,ST12000NM0008,1,2025-01-01,,,,0,30,0
ZL005DG5,ST12000NM0008,0,,2025-01-23,2024-12-25,2025-01-23,1,30,1
ZL005DGA,ST12000NM0008,0,,2025-01-19,2024-12-21,2025-01-19,1,30,1
ZL005DGW,ST12000NM0008,0,,2025-01-07,2024-12-09,2025-01-07,1,30,1
ZL005DJ1,ST12000NM0008,0,,2025-01-17,2024-12-19,2025-01-17,1,30,1
ZL005DKP,ST12000NM0008,0,,2025-01-30,2025-01-01,2025-01-30,1,30,1
ZL005DKX,ST12000NM0008,0,,2025-01-06,2024-12-08,2025-01-06,1,30,1
ZL005DNB,ST12000NM0008,0,,2025-01-26,2024-12-28,2025-01-26,1,30,1
ZL005DQ3,ST12000NM0008,0,,2025-01-02,2024-12-04,2025-01-02,1,30,1
ZL005DQZ,ST12000NM0008,0,,2025-01-08,2024-12-10,2025-01-08,1,30,1
ZL005DSD,ST12000NM0008,0,,2025-01-10,2024-12-12,2025-01-10,1,30,1
ZL005DTF,ST12000NM0008,0,,2025-01-19,2024-12-21,2025-01-19,1,30,1
ZL005DTK,ST12000NM0008,0,,2025-01-19,2024-12-21,2025-01-19,1,30,1
ZL005DTZ,ST12000NM0008,0,,2025-01-07,2024-12-09,2025-01-07,1,30,1
ZL005DVH,ST12000NM0008,0,,2025-01-06,2024-12-08,2025-01-06,1,30,1
ZL005DWP,ST12000NM0008,0,,2025-01-14,2024-12-16,2025-01-14,1,30,1
ZL005DXB,ST12000NM0008,1,2025-01-30,,,,0,30,0
ZL005DXG,ST12000NM0008,0,,2025-01-07,2024-12-09,2025-01-07,1,30,1
ZL005DXY,ST12000NM0008,0,,2025-01-18,2024-12-20,2025-01-18,1,30,1
ZL005DYA,ST12000NM0008,0,,2025-01-12,2024-12-14,2025-01-12,2,30,1
ZL005DYM,ST12000NM0008,0,,2025-01-05,2024-12-07,2025-01-05,1,30,1
ZL005DZ6,ST12000NM0008,0,,2025-01-02,2024-12-04,2025-01-02,1,30,1
ZL005DZE,ST12000NM0008,0,,2025-01-08,2024-12-10,2025-01-08,1,30,1
ZL005DZH,ST12000NM0008,0,,2025-01-27,2024-12-29,2025-01-27,1,30,1
ZL005E06,ST12000NM0008,0,,2025-01-11,2024-12-13,2025-01-11,1,30,1
ZL005E1W,ST12000NM0008,0,,2025-01-29,2024-12-31,2025-01-29,1,30,1
ZL005E3X,ST12000NM0008,0,,2025-01-30,2025-01-01,2025-01-30,1,30,1
ZL005E7Y,ST12000NM0008,0,,2025-01-18,2024-12-20,2025-01-18,1,30,1
ZL005E8G,ST12000NM0008,0,,2025-01-11,2024-12-13,2025-01-11,1,30,1
ZL005E8Q,ST12000NM0008,0,,2025-01-15,2024-12-17,2025-01-15,1,30,1
ZL005EBH,ST12000NM0008,0,,2025-01-22,2024-12-24,2025-01-22,1,30,1
ZL005ECD,ST12000NM0008,0,,2025-01-29,2024-12-31,2025-01-29,1,30,1
ZL005EEJ,ST12000NM0008,0,,2025-01-25,2024-12-27,2025-01-25,1,30,1
ZL005JZ2,ST12000NM0008,0,,2025-01-01,2024-12-03,2025-01-01,1,30,1
ZL005JZZ,ST12000NM0008,0,,2025-01-27,2024-12-29,2025-01-27,1,30,1
ZL005K01,ST12000NM0008,0,,2025-01-16,2024-12-18,2025-01-16,1,30,1
ZL005K22,ST12000NM0008,0,,2025-01-22,2024-12-24,2025-01-22,1,30,1
ZL005K3F,ST12000NM0008,0,,2025-01-14,2024-12-16,2025-01-14,1,30,1
ZL005K3P,ST12000NM0008,0,,2025-01-19,2024-12-21,2025-01-19,1,30,1
ZL005K3S,ST12000NM0008,0,,2025-01-12,2024-12-14,2025-01-12,1,30,1
ZL006N16,ST12000NM0008,0,,2025-01-04,2024-12-06,2025-01-04,1,30,1
ZL009GAF,ST12000NM0008,0,,2025-01-03,2024-12-05,2025-01-03,1,30,1
ZL00MX22,ST12000NM0008,0,,2025-01-05,2024-12-07,2025-01-05,1,30,1
